-- phpMyAdmin SQL Dump
-- version 4.5.1
-- http://www.phpmyadmin.net
--
-- Host: 127.0.0.1
-- Generation Time: Dec 10, 2019 at 12:38 PM
-- Server version: 10.1.10-MariaDB
-- PHP Version: 7.0.2

SET SQL_MODE = "NO_AUTO_VALUE_ON_ZERO";
SET time_zone = "+00:00";


/*!40101 SET @OLD_CHARACTER_SET_CLIENT=@@CHARACTER_SET_CLIENT */;
/*!40101 SET @OLD_CHARACTER_SET_RESULTS=@@CHARACTER_SET_RESULTS */;
/*!40101 SET @OLD_COLLATION_CONNECTION=@@COLLATION_CONNECTION */;
/*!40101 SET NAMES utf8mb4 */;

--
-- Database: `testport_dbase`
--

-- --------------------------------------------------------

--
-- Table structure for table `admin_tbls`
--

CREATE TABLE `admin_tbls` (
  `id` int(11) NOT NULL,
  `uname` varchar(10) NOT NULL,
  `pass1` varchar(50) NOT NULL
) ENGINE=InnoDB DEFAULT CHARSET=latin1;

--
-- Dumping data for table `admin_tbls`
--

INSERT INTO `admin_tbls` (`id`, `uname`, `pass1`) VALUES
(1, 'admin', 'd033e22ae348aeb5660fc2140aec35850c4da997');

-- --------------------------------------------------------

--
-- Table structure for table `cart`
--

CREATE TABLE `cart` (
  `id` int(11) NOT NULL,
  `memid` int(11) NOT NULL,
  `prod_id` int(11) NOT NULL,
  `paid` int(2) NOT NULL,
  `locatn` text,
  `payment_type` varchar(40) NOT NULL,
  `date_posted` varchar(30) NOT NULL
) ENGINE=InnoDB DEFAULT CHARSET=latin1;

--
-- Dumping data for table `cart`
--

INSERT INTO `cart` (`id`, `memid`, `prod_id`, `paid`, `locatn`, `payment_type`, `date_posted`) VALUES
(10, 5, 5, 1, '', '218682291', '2019-11-17 7:02 pm'),
(13, 2, 5, 0, '', 'mp', '2019-11-25 3:33 am');

-- --------------------------------------------------------

--
-- Table structure for table `centres`
--

CREATE TABLE `centres` (
  `id` int(11) NOT NULL,
  `approved` int(2) NOT NULL,
  `centre_name` varchar(200) NOT NULL,
  `test_board` int(11) NOT NULL,
  `locations` text NOT NULL,
  `statee` varchar(100) NOT NULL,
  `city` varchar(50) NOT NULL,
  `views` int(11) NOT NULL,
  `date_posted` varchar(50) NOT NULL
) ENGINE=InnoDB DEFAULT CHARSET=latin1;

--
-- Dumping data for table `centres`
--

INSERT INTO `centres` (`id`, `approved`, `centre_name`, `test_board`, `locations`, `statee`, `city`, `views`, `date_posted`) VALUES
(1, 1, 'Al-Miyzan Schools CBT Centre', 1, 'Al-Miyzan Close, Adams Estate, Ikotun, Lagos State', 'Lagos', 'Ikotun', 3, '2019-04-21 5:24 pm'),
(2, 1, 'Bachel Model College', 1, '3/5 Gardol Street, 7 Ifako Ijaiye, Ogba, Lagos State', 'Lagos', 'Ogba', 3, '2019-04-21 5:24 pm'),
(3, 1, 'Balad Private Schools,', 2, '1 Obafemi Street, Off Isawo Road, Agric-Owutu, Ikoyi, Lagos State', 'Lagos', 'Ikoyi', 3, '2019-04-21 5:24 pm'),
(4, 1, 'Dalware Institute Of Technology', 3, '31-33 Bode Thomas Road, Off Shyllon Str, Palm Groove,Lagos State Center ll', 'Lagos', 'Palm Groove', 7, '2019-04-21 5:24 pm'),
(5, 1, 'Universal Whitehall College', 1, '32/34 Daddy Salvage Street, Fagba Bus Stop, Iju Road, Ifako Ijaiye, Lagos State', 'Lagos', 'Ifako Ijaiye', 3, '2019-04-21 5:24 pm'),
(6, 1, 'Koncept Computer Enterprises Centre II', 1, '10 Chris Ogunbanjo Way, Opposite Coca-Cola Depot, Ijari, Ijebu-Ode 26, OGUN', 'OGUN', 'Ijebu-Ode', 1, '2019-04-21 5:24 pm'),
(7, 1, 'Lead British Intl School', 3, 'Aliyu Mustdafa Street (Opposite Trafford Hotel) Off Wole Soyinka Avenue, 2nd Avenue, Gwarinpa, Abuja', 'Abuja', 'Gwarinpa', 3, '2019-04-21 5:24 pm'),
(8, 1, 'Shoo Global Solutions Business Solution, Government Secondary School', 2, 'Along Custom Road, Wuse Zone 3, Abuja 26 FCT-ABUJA', 'Abuja', 'FCT-ABUJA', 2, '2019-04-21 5:24 pm'),
(9, 0, 'This is a centress', 1, 'gghgh', '', '', 0, '1573710045'),
(10, 1, 'mnmnmnm', 1, 'mnmn', '', '', 0, '2019-12-01 12:23 am');

-- --------------------------------------------------------

--
-- Table structure for table `forums`
--

CREATE TABLE `forums` (
  `id` int(11) NOT NULL,
  `memid` int(11) NOT NULL,
  `topics` int(2) NOT NULL,
  `messages` text CHARACTER SET utf8 NOT NULL,
  `files` varchar(30) CHARACTER SET latin1 NOT NULL,
  `views` int(11) NOT NULL,
  `dates` varchar(30) CHARACTER SET latin1 NOT NULL
) ENGINE=InnoDB DEFAULT CHARSET=utf8mb4 COLLATE=utf8mb4_unicode_ci;

--
-- Dumping data for table `forums`
--

INSERT INTO `forums` (`id`, `memid`, `topics`, `messages`, `files`, `views`, `dates`) VALUES
(1, 6, 3, 'This is a raw talent show forum and i so much love it with passion, its one of the businesses i wanted to do before i got a job at the island in lagos \r\n\r\nThis is a raw talent show forum and i so much love it with passion, its one of the businesses i wanted to do before i got a job at the island in lagos ', '1557322899.jpg', 425, '2019-05-08 12:23 pm'),
(2, 2, 1, 'When it will be time to choose contestant, please let everyone be present as we choose randomly, thankss\r\nbnnbn\r\nshdjshdjs', '', 353, '2019-05-08 12:45 pm'),
(3, 2, 1, 'This is the real deal of fashion crazy. So chat me on web.whatsapp.com/sdhehanx\r\nAnd this is my website www.chinny.com or http://fffff.com', '', 191, '2019-05-08 12:49 pm'),
(6, 5, 3, 'sssdsnbds dsdsbbn dbsdbs', '', 33, '2019-05-14 12:33 pm'),
(7, 6, 2, 'this is what u do to make me happy', '', 22, '2019-06-07 8:16 am'),
(8, 5, 3, 'nmnmnmnm', '', 30, '2019-06-07 8:18 am'),
(15, 2, 2, 'dasdsadsa', '', 0, '2019-06-17 12:26 pm'),
(37, 6, 6, '*_Graduate Assistant_*\r\n*Ikeja*\r\n\r\n1. Assisting professors and departments with various administrative tasks.\r\n2. Organizing events.\r\n3. Finding information in libraries\r\n4. Undertaking various fieldwork research.\r\n5. Co-authoring research papers with their Supervisor .\r\n6. Conducting building staff meetings.\r\n7. Administering performance evaluations of student staff.\r\n8. Assisting with the management of ceremonies\r\n\r\nJob Type: Full-time\r\n\r\nSalary: ₦65,000.00 to ₦100,000.00 /month\r\n\r\nApply here\r\nhttps://ng.indeed.com/m/viewjob?from=serp&jk=4be8f065070c56c7&prevUrl=https://ng.indeed.com/m/jobs?sameL=1&q=&l=Lagos&from=searchOnSerp', '', 230, '2019-07-06 6:57 pm'),
(38, 2, 1, 'bnnnbnbnbn', '', 57, '2019-11-22 7:55 pm');

-- --------------------------------------------------------

--
-- Table structure for table `forum_reply`
--

CREATE TABLE `forum_reply` (
  `id` int(11) NOT NULL,
  `memid` int(11) NOT NULL,
  `forum_id` int(11) NOT NULL,
  `replies` text CHARACTER SET utf8 NOT NULL,
  `files` varchar(30) NOT NULL,
  `dates` varchar(30) NOT NULL
) ENGINE=InnoDB DEFAULT CHARSET=latin1;

--
-- Dumping data for table `forum_reply`
--

INSERT INTO `forum_reply` (`id`, `memid`, `forum_id`, `replies`, `files`, `dates`) VALUES
(3, 1, 1, 'this is just a test', 'yyuyuyu.jpg', '2019-05-14 9:36 am'),
(5, 1, 1, 'this is a content with pics, sorry its a reply with pics let me knw if the pics will upload to the database or not, if it doesnt i will correct it because i need to see it uploaded, thanks', '1557831813.jpg', '2019-05-14 12:03 pm'),
(6, 1, 2, 'yeah, this is good, i love it', '', '2019-06-07 9:20 am'),
(7, 2, 2, 'bnbnbnbn', '676767.jpg', '2019-06-07 9:21 am'),
(8, 1, 2, 'bnbnb', '', '2019-06-07 9:22 am'),
(9, 1, 2, 'dsdsds', '', '2019-06-07 9:30 am'),
(10, 2, 38, 'dsadasdas', '', '2019-11-23 4:18 am'),
(15, 2, 38, 'ilove this', '', '2019-11-23 3:41 pm'),
(16, 2, 38, 'ddddd', '1574524856.jpg', '2019-11-23 5:00 pm'),
(18, 2, 37, 'see person oo', '', '2019-11-26 6:04 pm');

-- --------------------------------------------------------

--
-- Table structure for table `members`
--

CREATE TABLE `members` (
  `id` int(11) NOT NULL,
  `approved` int(2) NOT NULL,
  `names` varchar(50) NOT NULL,
  `emails` varchar(100) NOT NULL,
  `passwords` varchar(100) NOT NULL,
  `phone` varchar(50) NOT NULL,
  `gender` varchar(2) NOT NULL,
  `pics` varchar(30) NOT NULL,
  `location` varchar(50) NOT NULL,
  `created_at` varchar(50) NOT NULL
) ENGINE=InnoDB DEFAULT CHARSET=latin1;

--
-- Dumping data for table `members`
--

INSERT INTO `members` (`id`, `approved`, `names`, `emails`, `passwords`, `phone`, `gender`, `pics`, `location`, `created_at`) VALUES
(2, 0, 'Chinny Anthony', 'donchibobo@gmail.com', '$2y$10$QM489aWwH8aGwN.Wt9kA.uv.olOzNPt98hiMGn9UrQO1R0ZLBzg2G', '08035204317', 'm', '1574836095.jpg', '::1', '2019-10-27 6:40 pm'),
(5, 1, 'Kemi Abe', 'cgcvcbc', '', '', '', '', '41.190.31.43', '2004-10-27 10:40 pm'),
(6, 0, 'Oluchi Anthony', 'vbvb@ewewe.kkk', '$2y$10$rFMbRtHUVCmBiieqhcFfDO4P9qg67hcOF.1xeFveVhe05nYN23DI6', '65656566', 'f', '', '::1', '2019-11-22 12:14 am'),
(19, 0, 'shs shshsh', 'shshs@sss.sss', '$2y$10$CGzLuzLo8iTNQc2FZAZuD.YXHjvARo5GFV88Scp.F3cVJq0UxsD9q', '37373737', 'm', '', '::1', '2019-11-22 1:22 am');

-- --------------------------------------------------------

--
-- Table structure for table `quizes`
--

CREATE TABLE `quizes` (
  `id` int(11) NOT NULL,
  `test_board` int(11) NOT NULL,
  `subject_id` int(11) NOT NULL,
  `name_of_sch` int(11) NOT NULL,
  `years` varchar(40) NOT NULL,
  `sessions` int(11) NOT NULL
) ENGINE=InnoDB DEFAULT CHARSET=latin1;

--
-- Dumping data for table `quizes`
--

INSERT INTO `quizes` (`id`, `test_board`, `subject_id`, `name_of_sch`, `years`, `sessions`) VALUES
(1, 1, 1, 1, '2016, 2018', 965186),
(7, 6, 8, 1, '2018, 2019', 966515),
(10, 1, 2, 1, '2016 - 2019', 140104),
(11, 6, 6, 1, '2019', 145544);

-- --------------------------------------------------------

--
-- Table structure for table `quizes2`
--

CREATE TABLE `quizes2` (
  `id` int(11) NOT NULL,
  `sessions` int(11) NOT NULL,
  `questions` text NOT NULL,
  `files` varchar(100) DEFAULT NULL,
  `op1` varchar(100) NOT NULL,
  `op2` varchar(100) NOT NULL,
  `op3` varchar(100) DEFAULT NULL,
  `op4` varchar(100) DEFAULT NULL,
  `ans1` varchar(100) NOT NULL,
  `explanations` text NOT NULL
) ENGINE=InnoDB DEFAULT CHARSET=latin1;

--
-- Dumping data for table `quizes2`
--

INSERT INTO `quizes2` (`id`, `sessions`, `questions`, `files`, `op1`, `op2`, `op3`, `op4`, `ans1`, `explanations`) VALUES
(2, 965186, '<p>Which of the following best describes the image above?</p>', '1574965294.jpg', '3D Drawings', 'Oil Painting', 'Carving', 'Ready Made Image', 'Oil Painting', ''),
(3, 965186, '<p>A rich man that lived in a beautiful house on Baker Street, Mr. Ronald Green, has just been kidnapped and Sherlock Holmes has been appointed to the case. He finds a note at the crime scene written by Mr. Green. It read:</p><p><br></p><p>"First of January, Fourth of October, Fifth of March, Third of June."</p><p><br></p><p>Sherlock knew that somehow, the killer’s name was hidden in the note, who''s the killer?</p>', '1560346739.jpg', 'Jack Green, the son and the heir of the property', 'John Jacobson, an employee of Mr. Green', 'June Green, Green’s wife', 'Sherlock Holmes, investigator', 'John Jacobson, an employee of Mr. Green', 'Read this line and get the explanation to the question\r\n\r\n"First of January, Fourth of October, Fifth of March, Third of June."'),
(4, 965186, '<p>One snowy night, Sherlock Holmes was in his house sitting by the fire. All of a sudden a snowball came crashing through his window and broke it. Holmes got up and looked out the window just in time to see 3 neighborhood kids who were brothers run around a corner. Their names were John Crimson, Mark Crimson, and Paul Crimson. The next day Holmes got a note that read: "? Crimson. He broke your window."</p><p><br></p><p>Which of the 3 Crimson brothers should Sherlock Holmes question about the incident?</p>', '1574966146.jpg', 'John Crimson', 'Mark Crimson', 'Paul Crimson', '', 'Mark Crimson', 'Check the question mark which represents the option B'),
(5, 966515, 'Which of the following is not the right answer?', NULL, '2+2=4', 'I+III = IV', '20-XV=4', '4-0=4', '20-XV=4', 'Study the roman numerals'),
(6, 966515, 'The following people are staff of SuccessDrives company except?', NULL, 'Chinny Anthony', 'Abiodun', 'Lateef', 'Kenny', 'Abiodun', ''),
(7, 966515, 'Pick the odd one out from the following', NULL, 'konga.com', 'jiji.ng', 'jobberman.com', 'jumia.com', 'jobberman.com', 'All are buy and sell portals except for jobberman which is for job portal'),
(8, 966515, 'Look at this image and answer choose the correct answer', NULL, '3', '4', '6', '8', '8', ''),
(9, 966515, '<p>From the picture, how many people came to the picnic and how did they get there?</p>', '1575021619.jpg', '4 People; Came By Leg', '4 People; Came By Boat', '3 People; Came By Leg', '3 People; Came By Car', '4 People; Came By Boat', 'Note that the place is an isolated area'),
(18, 140104, '<p>In a class of 30 students, how many pairs of legs can be counted?</p>', NULL, 'XXX', 'LX', 'XL', 'CCC', 'XXX', 'Study your roman numerals'),
(19, 140104, '<p>If p=3, q=4 and r=q+p, what is r-p?</p>', NULL, 'q', 'p', 'r', 'p+r', 'q', ''),
(20, 140104, '<p>What is the name of the horror American movie that a doll baby loves to kill and destroy people?</p>', '1575140317.jpg', 'Baby&prime;s day out', 'Dracula II', 'Monster Baby', 'Chucky', 'Chucky', ''),
(21, 140104, '<p>One of these below has the same sound as <strong><u>kn</u></strong>ownledge. Note the underlined letters.</p>', NULL, 'Mock', 'Kiss', 'Burn', 'Course', 'Burn', ''),
(22, 140104, '<p>In the Nigerian movie, "Husbands of Lagos", Uche Oduputa best played the roles of a _______</p>', '1575140458.jpg', 'Principled Man', 'Stingy Igbo Man', '419ner', 'Illiterate Man', 'Stingy Igbo Man', ''),
(23, 145544, '<p>In a chemist store owned by ONLY Adamu, he bought 5 panadol for N5 each, 10 flagyl for N2 each and 4 pieces of blood tonic for N3 each, how much did Musa buy 2 panadol and 1 flagyl?</p>', NULL, 'N7', 'N10', 'N12', 'None', 'None', ''),
(24, 145544, '<p>This is another&prime;s test with apostrophe </p>', NULL, 'this is the girl`s bagss', 'bnbnb', 'cvcvfgf', 'gfgffg and the guy&prime;s', 'bnbnb', '');

-- --------------------------------------------------------

--
-- Table structure for table `quizes2_delete`
--

CREATE TABLE `quizes2_delete` (
  `id` int(11) NOT NULL,
  `sessions` int(11) NOT NULL,
  `questions` text NOT NULL,
  `files` varchar(100) DEFAULT NULL,
  `op1` varchar(100) NOT NULL,
  `op2` varchar(100) NOT NULL,
  `op3` varchar(100) DEFAULT NULL,
  `op4` varchar(100) DEFAULT NULL,
  `ans1` varchar(100) NOT NULL,
  `explanations` text NOT NULL
) ENGINE=InnoDB DEFAULT CHARSET=latin1;

--
-- Dumping data for table `quizes2_delete`
--

INSERT INTO `quizes2_delete` (`id`, `sessions`, `questions`, `files`, `op1`, `op2`, `op3`, `op4`, `ans1`, `explanations`) VALUES
(2, 830297, 'Which of the following best describes the image above?', '1555862211.jpg', '3D Drawing', 'Oil Painting', 'Carving', 'Ready made image', 'Oil Painting', ''),
(4, 830297, 'A rich man that lived in a beautiful house on Baker Street, Mr. Ronald Green, has just been kidnapped and Sherlock Holmes has been appointed to the case. He finds a note at the crime scene written by Mr. Green. It read:\r\n\r\n"First of January, Fourth of October, Fifth of March, Third of June."\r\n\r\nSherlock knew that somehow, the killer’s name was hidden in the note, who''s the killer?', '1560346739.jpg', 'Jack Green, the son and the heir of the property', 'John Jacobson, an employee of Mr. Green', 'June Green, Green’s wife', 'Sherlock Holmes, investigator', 'John Jacobson, an employee of Mr. Green', ''),
(5, 830297, 'One snowy night, Sherlock Holmes was in his house sitting by the fire. All of a sudden a snowball came crashing through his window and broke it. Holmes got up and looked out the window just in time to see 3 neighborhood kids who were brothers run around a corner. Their names were John Crimson, Mark Crimson, and Paul Crimson. The next day Holmes got a note that read: "? Crimson. He broke your window."\r\n\r\nWhich of the 3 Crimson brothers should Sherlock Holmes question about the incident?', '1560346904.jpg', 'John Crimson', 'Mark Crimson', 'Paul Crimson', '', 'Mark Crimson', ''),
(6, 830297, 'Look at this image and answer choose the correct answer', '1560347332.jpg', '3', '4', '6', '8', '8', ''),
(9, 830297, 'From the picture, how many people came to the picnic and how did they get there?', '1560527935.jpg', '4 people; came by leg', '4 people; came by boat', '3 people; came by leg', '3 people; came by car', '4 people; came by boat', ''),
(10, 999222, 'I went to bed at 8 o clock in the evening and wound up my clock and set the alarm to sound at 9 o clock in the morning. How many hours sleep would i get before awoken by the alarm?', NULL, '13 hours', '12 hours', '1 hour', '2 hours', '1 hour', ''),
(11, 999222, '9 o clock is equivalent to how many degrees?', NULL, '45 degrees', '90 degrees', '180 degrees', '270 degrees', '90 degrees', ''),
(12, 999222, 'In a class of 30 students, how many pairs of legs can be counted?', NULL, 'XXX', 'LX', 'XL', 'CCC', 'XXX', ''),
(13, 999222, 'If p=3, q=4 and r=q+p, what is r-p?', NULL, 'q', 'p', 'r', 'p+r', 'q', ''),
(14, 999222, 'What is the name of the horror American movie that a doll baby loves to kill and destroy people?', 'ChildsPlay.jpg', 'Baby''s day out', 'Dracula II', 'Monster Baby', 'Chucky', 'Chucky', ''),
(15, 666000, '<p>One of these below has the same sound as<strong> <u>kn</u></strong>ownledge. Note the underlined letters.</p>', NULL, 'Mock', 'Kiss', 'Burn', 'Course', 'Burn', ''),
(16, 666000, 'In the Nigerian movie, "Husbands of Lagos", Uche Oduputa best played the roles of a _______', 'uche.jpg', 'Principled man', 'Stingy Igbo man', '419ner', 'illiterate Man', 'Stingy Igbo man', ''),
(17, 666000, 'In a chemist store owned by ONLY Adamu, he bought 5 panadol for N5 each, 10 flagyl for N2 each and 4 pieces of blood tonic for N3 each, how much did Musa buy 2 panadol and 1 flagyl?', NULL, 'N7', 'N10', 'N12', 'None', 'None', ''),
(19, 666000, '<p>What is the value of x in 5x-4=4</p>', NULL, '4', '5', '5', 'none', '5', ''),
(21, 666001, '<p>From the image below, what is the value of p</p>', '1567695378.jpg', '4.4', '5', '6', '20', '4.4', ''),
(52, 666001, 'Which of the following is not the right answer?', NULL, '2+2=4', 'I+III = IV', '20-XV=4', '4-0=4', '20-XV=4', ''),
(53, 666001, 'The following people are staff of SuccessDrives company except?', NULL, 'Chinny Anthony', 'Abiodun', 'Lateef', 'Kenny', 'Abiodun', ''),
(54, 666001, 'Pick the odd one out from the following', NULL, 'konga.com', 'jiji.ng', 'jobberman.com', 'jumia.com', 'jobberman.com', '');

-- --------------------------------------------------------

--
-- Table structure for table `quizes_backup`
--

CREATE TABLE `quizes_backup` (
  `id` int(11) NOT NULL,
  `quizintro_id` int(11) NOT NULL,
  `test_board` int(11) NOT NULL,
  `subject_id` int(11) NOT NULL,
  `name_of_sch` int(11) NOT NULL,
  `years` int(4) NOT NULL,
  `sessions` int(11) NOT NULL,
  `questions` text NOT NULL,
  `files` varchar(100) DEFAULT NULL,
  `op1` varchar(100) NOT NULL,
  `op2` varchar(100) NOT NULL,
  `op3` varchar(100) DEFAULT NULL,
  `op4` varchar(100) DEFAULT NULL,
  `ans1` varchar(100) NOT NULL,
  `explanations` text NOT NULL
) ENGINE=InnoDB DEFAULT CHARSET=latin1;

--
-- Dumping data for table `quizes_backup`
--

INSERT INTO `quizes_backup` (`id`, `quizintro_id`, `test_board`, `subject_id`, `name_of_sch`, `years`, `sessions`, `questions`, `files`, `op1`, `op2`, `op3`, `op4`, `ans1`, `explanations`) VALUES
(1, 2, 1, 2, 0, 2016, 0, 'This is the first questionsss', '1556017537.jpg', 'this is option 1', 'fsdfdsfdsfd', 'ddddd', 'sssddddss', 'fsdfdsfdsfd', ''),
(2, 2, 2, 2, 0, 2016, 0, 'Which of the following best describes the image above?', '1555862211.jpg', '3D Drawing', 'Oil Painting', 'Carving', 'Ready made image', 'Oil Painting', ''),
(4, 2, 3, 2, 0, 2016, 0, 'A rich man that lived in a beautiful house on Baker Street, Mr. Ronald Green, has just been kidnapped and Sherlock Holmes has been appointed to the case. He finds a note at the crime scene written by Mr. Green. It read:\r\n\r\n"First of January, Fourth of October, Fifth of March, Third of June."\r\n\r\nSherlock knew that somehow, the killer’s name was hidden in the note, who''s the killer?', '1560346739.jpg', 'Jack Green, the son and the heir of the property', 'John Jacobson, an employee of Mr. Green', 'June Green, Green’s wife', 'Sherlock Holmes, investigator', 'John Jacobson, an employee of Mr. Green', ''),
(5, 2, 3, 2, 0, 2016, 0, 'One snowy night, Sherlock Holmes was in his house sitting by the fire. All of a sudden a snowball came crashing through his window and broke it. Holmes got up and looked out the window just in time to see 3 neighborhood kids who were brothers run around a corner. Their names were John Crimson, Mark Crimson, and Paul Crimson. The next day Holmes got a note that read: "? Crimson. He broke your window."\r\n\r\nWhich of the 3 Crimson brothers should Sherlock Holmes question about the incident?', '1560346904.jpg', 'John Crimson', 'Mark Crimson', 'Paul Crimson', '', 'Mark Crimson', ''),
(6, 2, 3, 2, 0, 2016, 0, 'Look at this image and answer choose the correct answer', '1560347332.jpg', '3', '4', '6', '8', '8', ''),
(9, 43, 2, 2, 0, 2017, 0, 'From the picture, how many people came to the picnic and how did they get there?', '1560527935.jpg', '4 people; came by leg', '4 people; came by boat', '3 people; came by leg', '3 people; came by car', '4 people; came by boat', ''),
(10, 4, 1, 3, 0, 2017, 0, 'I went to bed at 8 o clock in the evening and wound up my clock and set the alarm to sound at 9 o clock in the morning. How many hours sleep would i get before awoken by the alarm?', NULL, '13 hours', '12 hours', '1 hour', '2 hours', '1 hour', ''),
(11, 2, 2, 3, 0, 2017, 0, '9 o clock is equivalent to how many degrees?', NULL, '45 degrees', '90 degrees', '180 degrees', '270 degrees', '90 degrees', ''),
(12, 6, 3, 3, 0, 2017, 0, 'In a class of 30 students, how many pairs of legs can be counted?', NULL, 'XXX', 'LX', 'XL', 'CCC', 'XXX', ''),
(13, 2, 4, 3, 0, 2017, 0, 'If p=3, q=4 and r=q+p, what is r-p?', NULL, 'q', 'p', 'r', 'p+r', 'q', ''),
(14, 2, 4, 3, 0, 2018, 0, 'What is the name of the horror American movie that a doll baby loves to kill and destroy people?', 'ChildsPlay.jpg', 'Baby''s day out', 'Dracula II', 'Monster Baby', 'Chucky', 'Chucky', ''),
(15, 2, 4, 3, 0, 2018, 0, '<p>One of these below has the same sound as<strong> <u>kn</u></strong>ownledge. Note the underlined letters.</p>', NULL, 'Mock', 'Kiss', 'Burn', 'Course', 'Burn', ''),
(16, 4, 4, 3, 0, 2018, 0, 'In the Nigerian movie, "Husbands of Lagos", Uche Oduputa best played the roles of a _______', 'uche.jpg', 'Principled man', 'Stingy Igbo man', '419ner', 'illiterate Man', 'Stingy Igbo man', ''),
(17, 4, 5, 3, 0, 2018, 0, 'In a chemist store owned by ONLY Adamu, he bought 5 panadol for N5 each, 10 flagyl for N2 each and 4 pieces of blood tonic for N3 each, how much did Musa buy 2 panadol and 1 flagyl?', NULL, 'N7', 'N10', 'N12', 'None', 'None', ''),
(18, 4, 5, 4, 0, 2014, 0, '<p>this is just a test</p>', '1567071961.jpg', 'fdfd', 'fgfdg', 'fdgfd', 'gfgfd', 'fdgfd', ''),
(19, 4, 5, 4, 0, 2014, 0, '<p>What is the value of x in 5x-4=4</p>', NULL, '4', '5', '5', 'none', '5', ''),
(20, 4, 5, 4, 0, 2014, 0, '<p>this is another question</p>', NULL, 'first option', 'sec option', 'third option', '4th option', 'third option', ''),
(21, 2, 6, 4, 1, 2014, 0, '<p>From the image below, what is the value of p</p>', '1567695378.jpg', '4.4', '5', '6', '20', '4.4', ''),
(26, 45, 6, 4, 1, 2014, 0, 'Which of the following is not the right answer?', NULL, '2+2=4', 'I+III = IV', '20-XV=4', '4-0=4', '', ''),
(27, 6, 6, 4, 1, 2014, 0, 'The following people are staff of SuccessDrives company except?', NULL, 'Chinny Anthony', 'Abiodun', 'Lateef', 'Kenny', '', ''),
(28, 6, 6, 5, 1, 2014, 0, 'Pick the odd one out from the following', NULL, 'konga.com', 'jiji.ng', 'jobberman.com', 'jumia.com', '', ''),
(29, 6, 7, 5, 1, 2014, 0, 'Which of the following is not the right answer?', NULL, '2+2=4', 'I+III = IV', '20-XV=4', '4-0=4', '', ''),
(30, 6, 6, 5, 1, 2014, 0, 'The following people are staff of SuccessDrives company except?', NULL, 'Chinny Anthony', 'Abiodun', 'Lateef', 'Kenny', '', ''),
(31, 6, 7, 5, 0, 2016, 0, 'Pick the odd one out from the following', NULL, 'konga.com', 'jiji.ng', 'jobberman.com', 'jumia.com', '', ''),
(32, 6, 1, 5, 0, 2016, 0, 'Which of the following is not the right answer?', NULL, '2+2=4', 'I+III = IV', '20-XV=4', '4-0=4', '20-XV=4', ''),
(33, 2, 1, 2, 0, 2016, 0, 'The following people are staff of SuccessDrives company except?', NULL, 'Chinny Anthony', 'Abiodun', 'Lateef', 'Kenny', 'Abiodun', ''),
(34, 2, 1, 2, 0, 2016, 0, 'Pick the odd one out from the following', NULL, 'konga.com', 'jiji.ng', 'jobberman.com', 'jumia.com', 'jobberman.com', ''),
(35, 2, 1, 2, 0, 2016, 0, 'Which of the following is not the right answer?', NULL, '2+2=4', 'I+III = IV', '20-XV=4', '4-0=4', '20-XV=4', ''),
(36, 2, 1, 2, 0, 2016, 0, 'The following people are staff of SuccessDrives company except?', NULL, 'Chinny Anthony', 'Abiodun', 'Lateef', 'Kenny', 'Abiodun', ''),
(37, 4, 1, 2, 0, 2016, 0, 'Pick the odd one out from the following', NULL, 'konga.com', 'jiji.ng', 'jobberman.com', 'jumia.com', 'jobberman.com', ''),
(38, 4, 1, 2, 0, 2016, 0, 'Which of the following is not the right answer?', NULL, '2+2=4', 'I+III = IV', '20-XV=4', '4-0=4', '20-XV=4', ''),
(39, 4, 2, 3, 0, 2016, 0, 'The following people are staff of SuccessDrives company except?', NULL, 'Chinny Anthony', 'Abiodun', 'Lateef', 'Kenny', 'Abiodun', ''),
(40, 4, 2, 3, 0, 2016, 0, 'Pick the odd one out from the following', NULL, 'konga.com', 'jiji.ng', 'jobberman.com', 'jumia.com', 'jobberman.com', ''),
(49, 2, 1, 3, 0, 2017, 0, 'Which of the following is not the right answer?', NULL, '2+2=4', 'I+III = IV', '20-XV=4', '4-0=4', '20-XV=4', ''),
(50, 6, 2, 3, 0, 2017, 0, 'The following people are staff of SuccessDrives company except?', NULL, 'Chinny Anthony', 'Abiodun', 'Lateef', 'Kenny', 'Abiodun', ''),
(51, 6, 2, 4, 0, 2017, 0, 'Pick the odd one out from the following', NULL, 'konga.com', 'jiji.ng', 'jobberman.com', 'jumia.com', 'jobberman.com', ''),
(52, 6, 3, 4, 0, 2018, 0, 'Which of the following is not the right answer?', NULL, '2+2=4', 'I+III = IV', '20-XV=4', '4-0=4', '20-XV=4', ''),
(53, 6, 3, 4, 0, 2018, 0, 'The following people are staff of SuccessDrives company except?', NULL, 'Chinny Anthony', 'Abiodun', 'Lateef', 'Kenny', 'Abiodun', ''),
(54, 6, 1, 6, 0, 2019, 0, 'Pick the odd one out from the following', NULL, 'konga.com', 'jiji.ng', 'jobberman.com', 'jumia.com', 'jobberman.com', '');

-- --------------------------------------------------------

--
-- Table structure for table `quizes_intro`
--

CREATE TABLE `quizes_intro` (
  `id` int(11) NOT NULL,
  `sessions` int(11) NOT NULL,
  `aprvd` int(11) DEFAULT NULL,
  `instructn` text NOT NULL,
  `set_time` int(11) NOT NULL,
  `dates` varchar(30) DEFAULT NULL
) ENGINE=InnoDB DEFAULT CHARSET=latin1;

--
-- Dumping data for table `quizes_intro`
--

INSERT INTO `quizes_intro` (`id`, `sessions`, `aprvd`, `instructn`, `set_time`, `dates`) VALUES
(1, 965186, 1, 'You are to answer all the questions here, you will be given 20 minutes to attempt all the questions, its simple but logical questions.', 20, '2019-11-28 7:19 pm'),
(2, 966515, 1, 'You are to answer all the questions here, you will be given 20 minutes to attempt all the questions, its simple but logical questions.', 30, '2019-11-28 7:41 pm'),
(7, 140104, 1, 'You are to answer all the questions here, you will be given 20 minutes to attempt all the questions, its simple but logical questions.', 30, '2019-11-30 7:55 pm'),
(8, 145544, 1, 'You are to answer all the questions here, you will be given 20 minutes to attempt all the questions, its simple but logical questions.', 30, '2019-11-30 9:25 pm');

-- --------------------------------------------------------

--
-- Table structure for table `quizes_intro_backup`
--

CREATE TABLE `quizes_intro_backup` (
  `id` int(11) NOT NULL,
  `test_board` int(11) NOT NULL,
  `subject_id` int(11) DEFAULT NULL,
  `years` varchar(20) NOT NULL,
  `sessions` int(11) NOT NULL,
  `aprvd` int(11) DEFAULT NULL,
  `instructn` text NOT NULL,
  `name_of_sch` int(11) NOT NULL,
  `set_time` int(11) NOT NULL,
  `dates` varchar(30) DEFAULT NULL
) ENGINE=InnoDB DEFAULT CHARSET=latin1;

--
-- Dumping data for table `quizes_intro_backup`
--

INSERT INTO `quizes_intro_backup` (`id`, `test_board`, `subject_id`, `years`, `sessions`, `aprvd`, `instructn`, `name_of_sch`, `set_time`, `dates`) VALUES
(2, 1, 2, '2016', 0, 1, 'You are to answer all the questions to win the chances of a scholarship award, all questions carry equal marks. Once your timing goes zero (0), your answers will automatically be submitted.', 1, 11, '2019-04-21 5:24 pm'),
(4, 1, 2, '2017', 0, 1, 'You are to answer all the questions to win the chances of a scholarship award, all questions carry equal marks. Once your timing goes zero (0), your answers will automatically be submitted.', 2, 12, '2019-04-30 1:06 am'),
(6, 3, 3, '2018', 0, 1, 'You are to answer all the questions to win the chances of a scholarship award, all questions carry equal marks. Once your timing goes zero (0), your answers will automatically be submitted.', 0, 6, '2019-06-12 2:27 pm'),
(43, 1, 4, '2017', 0, 1, 'Nill', 1, 20, '2019-04-21 5:24 pm'),
(44, 6, 4, '2017', 0, 1, 'nill', 1, 20, '2019-04-21 5:24 pm'),
(45, 6, 6, '2014', 0, 1, 'nill', 1, 20, '2019-04-21 5:24 pm'),
(46, 5, 4, '2019', 0, 1, 'nill', 0, 20, '2019-04-21 5:24 pm'),
(47, 7, 7, '2016', 0, 1, 'nill', 0, 20, '2019-04-21 5:24 pm'),
(54, 2, 1, '2344', 818912, 1, 'dsfsd', 1, 33, '2019-11-15 12:55 pm'),
(55, 2, 2, '2344', 818912, 1, 'dsfsd', 0, 33, '2019-11-15 12:55 pm');

-- --------------------------------------------------------

--
-- Table structure for table `resources`
--

CREATE TABLE `resources` (
  `id` int(11) NOT NULL,
  `media_type` varchar(40) NOT NULL,
  `test_board` varchar(100) NOT NULL,
  `titles` varchar(100) NOT NULL,
  `descrip` text NOT NULL,
  `img_cover` varchar(30) NOT NULL,
  `files` varchar(40) NOT NULL,
  `file_type` varchar(10) NOT NULL,
  `price` int(11) NOT NULL,
  `years` varchar(100) NOT NULL,
  `downloads` int(11) NOT NULL,
  `views` int(11) NOT NULL,
  `date_uploaded` varchar(40) NOT NULL
) ENGINE=InnoDB DEFAULT CHARSET=latin1;

--
-- Dumping data for table `resources`
--

INSERT INTO `resources` (`id`, `media_type`, `test_board`, `titles`, `descrip`, `img_cover`, `files`, `file_type`, `price`, `years`, `downloads`, `views`, `date_uploaded`) VALUES
(1, 'doc', '6,7', 'Post-UTME Past Questions & Answers', '', 'post-utme-past-questions.jpg', '3_products.doc', 'hardcopy', 3000, '2017, 2018, 2019', 0, 24, '2019-10-15 11:21 am'),
(2, 'doc', '1,5', 'Jamb Chemistry Questions & Answers', '', 'jamb_chemistry.jpg', '3_products.doc', 'softcopy', 0, '2018', 2, 57, '2019-10-15 11:21 am'),
(3, 'doc', '1,2,3,5,7', 'Jamb Use of English Past Questions & Answers with explanations', '', 'jamb_english.jpg', '3_products.doc', 'hardcopy', 5000, '1990 - 2018', 6, 33, '2019-10-15 11:21 am'),
(4, 'doc', '1', 'Physics WAEC Questions & Answers', 'This files contains a softcopy of Physics WAEC Questions & Answers including a step by step explaination on each answer.\r\n\r\nThe answers and explainations were gotten direct from the exam board marking scheme, order for it and be sure to pass your physics exams.', 'waec_physics.jpg', '3_products.doc', 'softcopy', 3500, '2008-2011', 2, 121, '2019-10-15 11:21 am'),
(5, 'doc', '1,2,3', 'Chemistry past questions & answers', '', 'waec_questions.jpg', '3_products.doc', 'softcopy', 2500, '2017 - 2019', 0, 91, '2019-10-15 11:21 am'),
(6, 'vid', '1', 'tutorials on how to answer jamb questions with new tricks', '', 'vid3.jpg', 'TRU6A9PKVY57HEC.mp4', 'softcopy', 0, '2018 - 2019', 0, 17, '2019-10-15 11:21 am'),
(7, 'vid', '5', 'How to answer post-UTME question training', '', 'vid2.jpg', 'TRU6A9PKVY57HEC.mp4', 'softcopy', 0, '2019', 0, 0, '2019-10-15 11:21 am'),
(8, 'vid', '3', 'Marking scheme on WAEC past questions and answers tutorials', '', 'vid1.jpg', 'TRU6A9PKVY57HEC.mp4', 'softcopy', 0, '2018', 1, 258, '2019-10-15 11:21 am'),
(9, 'vid', '1,4', 'Biology practicals', '', 'post_utme_questions.jpg', 'TRU6A9PKVY57HEC.mp4', 'softcopy', 0, '2017, 2018, 2019', 0, 8, '2019-10-15 11:21 am'),
(12, 'doc', '1,2', 'bnbbnbgh', '<p>this is the content</p><p>and this is a break line</p>', '1573990739.png', '1573965376.pdf', 'hardcopy', 6000, '2018,2010', 0, 10, '2019-11-17 5:36 am');

-- --------------------------------------------------------

--
-- Table structure for table `schools`
--

CREATE TABLE `schools` (
  `id` int(11) NOT NULL,
  `name_of_sch` varchar(100) NOT NULL,
  `sch_logo` varchar(50) NOT NULL
) ENGINE=InnoDB DEFAULT CHARSET=latin1;

--
-- Dumping data for table `schools`
--

INSERT INTO `schools` (`id`, `name_of_sch`, `sch_logo`) VALUES
(1, 'university of jos', 'unijos.jpg'),
(2, 'ekiti state university', 'eksu.jpg');

-- --------------------------------------------------------

--
-- Table structure for table `states`
--

CREATE TABLE `states` (
  `id` int(11) NOT NULL,
  `name` varchar(30) NOT NULL,
  `country_id` int(11) NOT NULL DEFAULT '1'
) ENGINE=InnoDB DEFAULT CHARSET=latin1;

--
-- Dumping data for table `states`
--

INSERT INTO `states` (`id`, `name`, `country_id`) VALUES
(801, 'San Andres y Providencia', 47),
(802, 'Santander', 47),
(803, 'Sucre', 47),
(804, 'Tolima', 47),
(805, 'Valle del Cauca', 47),
(806, 'Vaupes', 47),
(807, 'Vichada', 47),
(808, 'Mwali', 48),
(809, 'Njazidja', 48),
(810, 'Nzwani', 48),
(811, 'Bouenza', 49),
(812, 'Brazzaville', 49),
(813, 'Cuvette', 49),
(814, 'Kouilou', 49),
(815, 'Lekoumou', 49),
(816, 'Likouala', 49),
(817, 'Niari', 49),
(818, 'Plateaux', 49),
(819, 'Pool', 49),
(820, 'Sangha', 49),
(821, 'Bandundu', 50),
(822, 'Bas-Congo', 50),
(823, 'Equateur', 50),
(824, 'Haut-Congo', 50),
(825, 'Kasai-Occidental', 50),
(826, 'Kasai-Oriental', 50),
(827, 'Katanga', 50),
(828, 'Kinshasa', 50),
(829, 'Maniema', 50),
(830, 'Nord-Kivu', 50),
(831, 'Sud-Kivu', 50),
(832, 'Aitutaki', 51),
(833, 'Atiu', 51),
(834, 'Mangaia', 51),
(835, 'Manihiki', 51),
(836, 'Mauke', 51),
(837, 'Mitiaro', 51),
(838, 'Nassau', 51),
(839, 'Pukapuka', 51),
(840, 'Rakahanga', 51),
(841, 'Rarotonga', 51),
(842, 'Tongareva', 51),
(843, 'Alajuela', 52),
(844, 'Cartago', 52),
(845, 'Guanacaste', 52),
(846, 'Heredia', 52),
(847, 'Limon', 52),
(848, 'Puntarenas', 52),
(849, 'San Jose', 52),
(850, 'Abidjan', 53),
(851, 'Agneby', 53),
(852, 'Bafing', 53),
(853, 'Denguele', 53),
(854, 'Dix-huit Montagnes', 53),
(855, 'Fromager', 53),
(856, 'Haut-Sassandra', 53),
(857, 'Lacs', 53),
(858, 'Lagunes', 53),
(859, 'Marahoue', 53),
(860, 'Moyen-Cavally', 53),
(861, 'Moyen-Comoe', 53),
(862, 'N''zi-Comoe', 53),
(863, 'Sassandra', 53),
(864, 'Savanes', 53),
(865, 'Sud-Bandama', 53),
(866, 'Sud-Comoe', 53),
(867, 'Vallee du Bandama', 53),
(868, 'Worodougou', 53),
(869, 'Zanzan', 53),
(870, 'Bjelovar-Bilogora', 54),
(871, 'Dubrovnik-Neretva', 54),
(872, 'Grad Zagreb', 54),
(873, 'Istra', 54),
(874, 'Karlovac', 54),
(875, 'Koprivnica-Krizhevci', 54),
(876, 'Krapina-Zagorje', 54),
(877, 'Lika-Senj', 54),
(878, 'Medhimurje', 54),
(879, 'Medimurska Zupanija', 54),
(880, 'Osijek-Baranja', 54),
(881, 'Osjecko-Baranjska Zupanija', 54),
(882, 'Pozhega-Slavonija', 54),
(883, 'Primorje-Gorski Kotar', 54),
(884, 'Shibenik-Knin', 54),
(885, 'Sisak-Moslavina', 54),
(886, 'Slavonski Brod-Posavina', 54),
(887, 'Split-Dalmacija', 54),
(888, 'Varazhdin', 54),
(889, 'Virovitica-Podravina', 54),
(890, 'Vukovar-Srijem', 54),
(891, 'Zadar', 54),
(892, 'Zagreb', 54),
(893, 'Camaguey', 55),
(894, 'Ciego de Avila', 55),
(895, 'Cienfuegos', 55),
(896, 'Ciudad de la Habana', 55),
(897, 'Granma', 55),
(898, 'Guantanamo', 55),
(899, 'Habana', 55),
(900, 'Holguin', 55),
(901, 'Isla de la Juventud', 55),
(902, 'La Habana', 55),
(903, 'Las Tunas', 55),
(904, 'Matanzas', 55),
(905, 'Pinar del Rio', 55),
(906, 'Sancti Spiritus', 55),
(907, 'Santiago de Cuba', 55),
(908, 'Villa Clara', 55),
(909, 'Government controlled area', 56),
(910, 'Limassol', 56),
(911, 'Nicosia District', 56),
(912, 'Paphos', 56),
(913, 'Turkish controlled area', 56),
(914, 'Central Bohemian', 57),
(915, 'Frycovice', 57),
(916, 'Jihocesky Kraj', 57),
(917, 'Jihochesky', 57),
(918, 'Jihomoravsky', 57),
(919, 'Karlovarsky', 57),
(920, 'Klecany', 57),
(921, 'Kralovehradecky', 57),
(922, 'Liberecky', 57),
(923, 'Lipov', 57),
(924, 'Moravskoslezsky', 57),
(925, 'Olomoucky', 57),
(926, 'Olomoucky Kraj', 57),
(927, 'Pardubicky', 57),
(928, 'Plzensky', 57),
(929, 'Praha', 57),
(930, 'Rajhrad', 57),
(931, 'Smirice', 57),
(932, 'South Moravian', 57),
(933, 'Straz nad Nisou', 57),
(934, 'Stredochesky', 57),
(935, 'Unicov', 57),
(936, 'Ustecky', 57),
(937, 'Valletta', 57),
(938, 'Velesin', 57),
(939, 'Vysochina', 57),
(940, 'Zlinsky', 57),
(941, 'Arhus', 58),
(942, 'Bornholm', 58),
(943, 'Frederiksborg', 58),
(944, 'Fyn', 58),
(945, 'Hovedstaden', 58),
(946, 'Kobenhavn', 58),
(947, 'Kobenhavns Amt', 58),
(948, 'Kobenhavns Kommune', 58),
(949, 'Nordjylland', 58),
(950, 'Ribe', 58),
(951, 'Ringkobing', 58),
(952, 'Roervig', 58),
(953, 'Roskilde', 58),
(954, 'Roslev', 58),
(955, 'Sjaelland', 58),
(956, 'Soeborg', 58),
(957, 'Sonderjylland', 58),
(958, 'Storstrom', 58),
(959, 'Syddanmark', 58),
(960, 'Toelloese', 58),
(961, 'Vejle', 58),
(962, 'Vestsjalland', 58),
(963, 'Viborg', 58),
(964, '''Ali Sabih', 59),
(965, 'Dikhil', 59),
(966, 'Jibuti', 59),
(967, 'Tajurah', 59),
(968, 'Ubuk', 59),
(969, 'Saint Andrew', 60),
(970, 'Saint David', 60),
(971, 'Saint George', 60),
(972, 'Saint John', 60),
(973, 'Saint Joseph', 60),
(974, 'Saint Luke', 60),
(975, 'Saint Mark', 60),
(976, 'Saint Patrick', 60),
(977, 'Saint Paul', 60),
(978, 'Saint Peter', 60),
(979, 'Azua', 61),
(980, 'Bahoruco', 61),
(981, 'Barahona', 61),
(982, 'Dajabon', 61),
(983, 'Distrito Nacional', 61),
(984, 'Duarte', 61),
(985, 'El Seybo', 61),
(986, 'Elias Pina', 61),
(987, 'Espaillat', 61),
(988, 'Hato Mayor', 61),
(989, 'Independencia', 61),
(990, 'La Altagracia', 61),
(991, 'La Romana', 61),
(992, 'La Vega', 61),
(993, 'Maria Trinidad Sanchez', 61),
(994, 'Monsenor Nouel', 61),
(995, 'Monte Cristi', 61),
(996, 'Monte Plata', 61),
(997, 'Pedernales', 61),
(998, 'Peravia', 61),
(999, 'Puerto Plata', 61),
(1000, 'Salcedo', 61),
(1001, 'Samana', 61),
(1002, 'San Cristobal', 61),
(1003, 'San Juan', 61),
(1004, 'San Pedro de Macoris', 61),
(1005, 'Sanchez Ramirez', 61),
(1006, 'Santiago', 61),
(1007, 'Santiago Rodriguez', 61),
(1008, 'Valverde', 61),
(1009, 'Aileu', 62),
(1010, 'Ainaro', 62),
(1011, 'Ambeno', 62),
(1012, 'Baucau', 62),
(1013, 'Bobonaro', 62),
(1014, 'Cova Lima', 62),
(1015, 'Dili', 62),
(1016, 'Ermera', 62),
(1017, 'Lautem', 62),
(1018, 'Liquica', 62),
(1019, 'Manatuto', 62),
(1020, 'Manufahi', 62),
(1021, 'Viqueque', 62),
(1022, 'Azuay', 63),
(1023, 'Bolivar', 63),
(1024, 'Canar', 63),
(1025, 'Carchi', 63),
(1026, 'Chimborazo', 63),
(1027, 'Cotopaxi', 63),
(1028, 'El Oro', 63),
(1029, 'Esmeraldas', 63),
(1030, 'Galapagos', 63),
(1031, 'Guayas', 63),
(1032, 'Imbabura', 63),
(1033, 'Loja', 63),
(1034, 'Los Rios', 63),
(1035, 'Manabi', 63),
(1036, 'Morona Santiago', 63),
(1037, 'Napo', 63),
(1038, 'Orellana', 63),
(1039, 'Pastaza', 63),
(1040, 'Pichincha', 63),
(1041, 'Sucumbios', 63),
(1042, 'Tungurahua', 63),
(1043, 'Zamora Chinchipe', 63),
(1044, 'Aswan', 64),
(1045, 'Asyut', 64),
(1046, 'Bani Suwayf', 64),
(1047, 'Bur Sa''id', 64),
(1048, 'Cairo', 64),
(1049, 'Dumyat', 64),
(1050, 'Kafr-ash-Shaykh', 64),
(1051, 'Matruh', 64),
(1052, 'Muhafazat ad Daqahliyah', 64),
(1053, 'Muhafazat al Fayyum', 64),
(1054, 'Muhafazat al Gharbiyah', 64),
(1055, 'Muhafazat al Iskandariyah', 64),
(1056, 'Muhafazat al Qahirah', 64),
(1057, 'Qina', 64),
(1058, 'Sawhaj', 64),
(1059, 'Sina al-Janubiyah', 64),
(1060, 'Sina ash-Shamaliyah', 64),
(1061, 'ad-Daqahliyah', 64),
(1062, 'al-Bahr-al-Ahmar', 64),
(1063, 'al-Buhayrah', 64),
(1064, 'al-Fayyum', 64),
(1065, 'al-Gharbiyah', 64),
(1066, 'al-Iskandariyah', 64),
(1067, 'al-Ismailiyah', 64),
(1068, 'al-Jizah', 64),
(1069, 'al-Minufiyah', 64),
(1070, 'al-Minya', 64),
(1071, 'al-Qahira', 64),
(1072, 'al-Qalyubiyah', 64),
(1073, 'al-Uqsur', 64),
(1074, 'al-Wadi al-Jadid', 64),
(1075, 'as-Suways', 64),
(1076, 'ash-Sharqiyah', 64),
(1077, 'Ahuachapan', 65),
(1078, 'Cabanas', 65),
(1079, 'Chalatenango', 65),
(1080, 'Cuscatlan', 65),
(1081, 'La Libertad', 65),
(1082, 'La Paz', 65),
(1083, 'La Union', 65),
(1084, 'Morazan', 65),
(1085, 'San Miguel', 65),
(1086, 'San Salvador', 65),
(1087, 'San Vicente', 65),
(1088, 'Santa Ana', 65),
(1089, 'Sonsonate', 65),
(1090, 'Usulutan', 65),
(1091, 'Annobon', 66),
(1092, 'Bioko Norte', 66),
(1093, 'Bioko Sur', 66),
(1094, 'Centro Sur', 66),
(1095, 'Kie-Ntem', 66),
(1096, 'Litoral', 66),
(1097, 'Wele-Nzas', 66),
(1098, 'Anseba', 67),
(1099, 'Debub', 67),
(1100, 'Debub-Keih-Bahri', 67),
(1101, 'Gash-Barka', 67),
(1102, 'Maekel', 67),
(1103, 'Semien-Keih-Bahri', 67),
(1104, 'Harju', 68),
(1105, 'Hiiu', 68),
(1106, 'Ida-Viru', 68),
(1107, 'Jarva', 68),
(1108, 'Jogeva', 68),
(1109, 'Laane', 68),
(1110, 'Laane-Viru', 68),
(1111, 'Parnu', 68),
(1112, 'Polva', 68),
(1113, 'Rapla', 68),
(1114, 'Saare', 68),
(1115, 'Tartu', 68),
(1116, 'Valga', 68),
(1117, 'Viljandi', 68),
(1118, 'Voru', 68),
(1119, 'Addis Abeba', 69),
(1120, 'Afar', 69),
(1121, 'Amhara', 69),
(1122, 'Benishangul', 69),
(1123, 'Diredawa', 69),
(1124, 'Gambella', 69),
(1125, 'Harar', 69),
(1126, 'Jigjiga', 69),
(1127, 'Mekele', 69),
(1128, 'Oromia', 69),
(1129, 'Somali', 69),
(1130, 'Southern', 69),
(1131, 'Tigray', 69),
(1132, 'Christmas Island', 70),
(1133, 'Cocos Islands', 70),
(1134, 'Coral Sea Islands', 70),
(1135, 'Falkland Islands', 71),
(1136, 'South Georgia', 71),
(1137, 'Klaksvik', 72),
(1138, 'Nor ara Eysturoy', 72),
(1139, 'Nor oy', 72),
(1140, 'Sandoy', 72),
(1141, 'Streymoy', 72),
(1142, 'Su uroy', 72),
(1143, 'Sy ra Eysturoy', 72),
(1144, 'Torshavn', 72),
(1145, 'Vaga', 72),
(1146, 'Central', 73),
(1147, 'Eastern', 73),
(1148, 'Northern', 73),
(1149, 'South Pacific', 73),
(1150, 'Western', 73),
(1151, 'Ahvenanmaa', 74),
(1152, 'Etela-Karjala', 74),
(1153, 'Etela-Pohjanmaa', 74),
(1154, 'Etela-Savo', 74),
(1155, 'Etela-Suomen Laani', 74),
(1156, 'Ita-Suomen Laani', 74),
(1157, 'Ita-Uusimaa', 74),
(1158, 'Kainuu', 74),
(1159, 'Kanta-Hame', 74),
(1160, 'Keski-Pohjanmaa', 74),
(1161, 'Keski-Suomi', 74),
(1162, 'Kymenlaakso', 74),
(1163, 'Lansi-Suomen Laani', 74),
(1164, 'Lappi', 74),
(1165, 'Northern Savonia', 74),
(1166, 'Ostrobothnia', 74),
(1167, 'Oulun Laani', 74),
(1168, 'Paijat-Hame', 74),
(1169, 'Pirkanmaa', 74),
(1170, 'Pohjanmaa', 74),
(1171, 'Pohjois-Karjala', 74),
(1172, 'Pohjois-Pohjanmaa', 74),
(1173, 'Pohjois-Savo', 74),
(1174, 'Saarijarvi', 74),
(1175, 'Satakunta', 74),
(1176, 'Southern Savonia', 74),
(1177, 'Tavastia Proper', 74),
(1178, 'Uleaborgs Lan', 74),
(1179, 'Uusimaa', 74),
(1180, 'Varsinais-Suomi', 74),
(1181, 'Ain', 75),
(1182, 'Aisne', 75),
(1183, 'Albi Le Sequestre', 75),
(1184, 'Allier', 75),
(1185, 'Alpes-Cote dAzur', 75),
(1186, 'Alpes-Maritimes', 75),
(1187, 'Alpes-de-Haute-Provence', 75),
(1188, 'Alsace', 75),
(1189, 'Aquitaine', 75),
(1190, 'Ardeche', 75),
(1191, 'Ardennes', 75),
(1192, 'Ariege', 75),
(1193, 'Aube', 75),
(1194, 'Aude', 75),
(1195, 'Auvergne', 75),
(1196, 'Aveyron', 75),
(1197, 'Bas-Rhin', 75),
(1198, 'Basse-Normandie', 75),
(1199, 'Bouches-du-Rhone', 75),
(1200, 'Bourgogne', 75),
(1201, 'Bretagne', 75),
(1202, 'Brittany', 75),
(1203, 'Burgundy', 75),
(1204, 'Calvados', 75),
(1205, 'Cantal', 75),
(1206, 'Cedex', 75),
(1207, 'Centre', 75),
(1208, 'Charente', 75),
(1209, 'Charente-Maritime', 75),
(1210, 'Cher', 75),
(1211, 'Correze', 75),
(1212, 'Corse-du-Sud', 75),
(1213, 'Cote-d''Or', 75),
(1214, 'Cotes-d''Armor', 75),
(1215, 'Creuse', 75),
(1216, 'Crolles', 75),
(1217, 'Deux-Sevres', 75),
(1218, 'Dordogne', 75),
(1219, 'Doubs', 75),
(1220, 'Drome', 75),
(1221, 'Essonne', 75),
(1222, 'Eure', 75),
(1223, 'Eure-et-Loir', 75),
(1224, 'Feucherolles', 75),
(1225, 'Finistere', 75),
(1226, 'Franche-Comte', 75),
(1227, 'Gard', 75),
(1228, 'Gers', 75),
(1229, 'Gironde', 75),
(1230, 'Haut-Rhin', 75),
(1231, 'Haute-Corse', 75),
(1232, 'Haute-Garonne', 75),
(1233, 'Haute-Loire', 75),
(1234, 'Haute-Marne', 75),
(1235, 'Haute-Saone', 75),
(1236, 'Haute-Savoie', 75),
(1237, 'Haute-Vienne', 75),
(1238, 'Hautes-Alpes', 75),
(1239, 'Hautes-Pyrenees', 75),
(1240, 'Hauts-de-Seine', 75),
(1241, 'Herault', 75),
(1242, 'Ile-de-France', 75),
(1243, 'Ille-et-Vilaine', 75),
(1244, 'Indre', 75),
(1245, 'Indre-et-Loire', 75),
(1246, 'Isere', 75),
(1247, 'Jura', 75),
(1248, 'Klagenfurt', 75),
(1249, 'Landes', 75),
(1250, 'Languedoc-Roussillon', 75),
(1251, 'Larcay', 75),
(1252, 'Le Castellet', 75),
(1253, 'Le Creusot', 75),
(1254, 'Limousin', 75),
(1255, 'Loir-et-Cher', 75),
(1256, 'Loire', 75),
(1257, 'Loire-Atlantique', 75),
(1258, 'Loiret', 75),
(1259, 'Lorraine', 75),
(1260, 'Lot', 75),
(1261, 'Lot-et-Garonne', 75),
(1262, 'Lower Normandy', 75),
(1263, 'Lozere', 75),
(1264, 'Maine-et-Loire', 75),
(1265, 'Manche', 75),
(1266, 'Marne', 75),
(1267, 'Mayenne', 75),
(1268, 'Meurthe-et-Moselle', 75),
(1269, 'Meuse', 75),
(1270, 'Midi-Pyrenees', 75),
(1271, 'Morbihan', 75),
(1272, 'Moselle', 75),
(1273, 'Nievre', 75),
(1274, 'Nord', 75),
(1275, 'Nord-Pas-de-Calais', 75),
(1276, 'Oise', 75),
(1277, 'Orne', 75),
(1278, 'Paris', 75),
(1279, 'Pas-de-Calais', 75),
(1280, 'Pays de la Loire', 75),
(1281, 'Pays-de-la-Loire', 75),
(1282, 'Picardy', 75),
(1283, 'Puy-de-Dome', 75),
(1284, 'Pyrenees-Atlantiques', 75),
(1285, 'Pyrenees-Orientales', 75),
(1286, 'Quelmes', 75),
(1287, 'Rhone', 75),
(1288, 'Rhone-Alpes', 75),
(1289, 'Saint Ouen', 75),
(1290, 'Saint Viatre', 75),
(1291, 'Saone-et-Loire', 75),
(1292, 'Sarthe', 75),
(1293, 'Savoie', 75),
(1294, 'Seine-Maritime', 75),
(1295, 'Seine-Saint-Denis', 75),
(1296, 'Seine-et-Marne', 75),
(1297, 'Somme', 75),
(1298, 'Sophia Antipolis', 75),
(1299, 'Souvans', 75),
(1300, 'Tarn', 75),
(1301, 'Tarn-et-Garonne', 75),
(1302, 'Territoire de Belfort', 75),
(1303, 'Treignac', 75),
(1304, 'Upper Normandy', 75),
(1305, 'Val-d''Oise', 75),
(1306, 'Val-de-Marne', 75),
(1307, 'Var', 75),
(1308, 'Vaucluse', 75),
(1309, 'Vellise', 75),
(1310, 'Vendee', 75),
(1311, 'Vienne', 75),
(1312, 'Vosges', 75),
(1313, 'Yonne', 75),
(1314, 'Yvelines', 75),
(1315, 'Cayenne', 76),
(1316, 'Saint-Laurent-du-Maroni', 76),
(1317, 'Iles du Vent', 77),
(1318, 'Iles sous le Vent', 77),
(1319, 'Marquesas', 77),
(1320, 'Tuamotu', 77),
(1321, 'Tubuai', 77),
(1322, 'Amsterdam', 78),
(1323, 'Crozet Islands', 78),
(1324, 'Kerguelen', 78),
(1325, 'Estuaire', 79),
(1326, 'Haut-Ogooue', 79),
(1327, 'Moyen-Ogooue', 79),
(1328, 'Ngounie', 79),
(1329, 'Nyanga', 79),
(1330, 'Ogooue-Ivindo', 79),
(1331, 'Ogooue-Lolo', 79),
(1332, 'Ogooue-Maritime', 79),
(1333, 'Woleu-Ntem', 79),
(1334, 'Banjul', 80),
(1335, 'Basse', 80),
(1336, 'Brikama', 80),
(1337, 'Janjanbureh', 80),
(1338, 'Kanifing', 80),
(1339, 'Kerewan', 80),
(1340, 'Kuntaur', 80),
(1341, 'Mansakonko', 80),
(1342, 'Abhasia', 81),
(1343, 'Ajaria', 81),
(1344, 'Guria', 81),
(1345, 'Imereti', 81),
(1346, 'Kaheti', 81),
(1347, 'Kvemo Kartli', 81),
(1348, 'Mcheta-Mtianeti', 81),
(1349, 'Racha', 81),
(1350, 'Samagrelo-Zemo Svaneti', 81),
(1351, 'Samche-Zhavaheti', 81),
(1352, 'Shida Kartli', 81),
(1353, 'Tbilisi', 81),
(1354, 'Auvergne', 82),
(1355, 'Baden-Wurttemberg', 82),
(1356, 'Bavaria', 82),
(1357, 'Bayern', 82),
(1358, 'Beilstein Wurtt', 82),
(1359, 'Berlin', 82),
(1360, 'Brandenburg', 82),
(1361, 'Bremen', 82),
(1362, 'Dreisbach', 82),
(1363, 'Freistaat Bayern', 82),
(1364, 'Hamburg', 82),
(1365, 'Hannover', 82),
(1366, 'Heroldstatt', 82),
(1367, 'Hessen', 82),
(1368, 'Kortenberg', 82),
(1369, 'Laasdorf', 82),
(1370, 'Land Baden-Wurttemberg', 82),
(1371, 'Land Bayern', 82),
(1372, 'Land Brandenburg', 82),
(1373, 'Land Hessen', 82),
(1374, 'Land Mecklenburg-Vorpommern', 82),
(1375, 'Land Nordrhein-Westfalen', 82),
(1376, 'Land Rheinland-Pfalz', 82),
(1377, 'Land Sachsen', 82),
(1378, 'Land Sachsen-Anhalt', 82),
(1379, 'Land Thuringen', 82),
(1380, 'Lower Saxony', 82),
(1381, 'Mecklenburg-Vorpommern', 82),
(1382, 'Mulfingen', 82),
(1383, 'Munich', 82),
(1384, 'Neubeuern', 82),
(1385, 'Niedersachsen', 82),
(1386, 'Noord-Holland', 82),
(1387, 'Nordrhein-Westfalen', 82),
(1388, 'North Rhine-Westphalia', 82),
(1389, 'Osterode', 82),
(1390, 'Rheinland-Pfalz', 82),
(1391, 'Rhineland-Palatinate', 82),
(1392, 'Saarland', 82),
(1393, 'Sachsen', 82),
(1394, 'Sachsen-Anhalt', 82),
(1395, 'Saxony', 82),
(1396, 'Schleswig-Holstein', 82),
(1397, 'Thuringia', 82),
(1398, 'Webling', 82),
(1399, 'Weinstrabe', 82),
(1400, 'schlobborn', 82),
(1401, 'Ashanti', 83),
(1402, 'Brong-Ahafo', 83),
(1403, 'Central', 83),
(1404, 'Eastern', 83),
(1405, 'Greater Accra', 83),
(1406, 'Northern', 83),
(1407, 'Upper East', 83),
(1408, 'Upper West', 83),
(1409, 'Volta', 83),
(1410, 'Western', 83),
(1411, 'Gibraltar', 84),
(1412, 'Acharnes', 85),
(1413, 'Ahaia', 85),
(1414, 'Aitolia kai Akarnania', 85),
(1415, 'Argolis', 85),
(1416, 'Arkadia', 85),
(1417, 'Arta', 85),
(1418, 'Attica', 85),
(1419, 'Attiki', 85),
(1420, 'Ayion Oros', 85),
(1421, 'Crete', 85),
(1422, 'Dodekanisos', 85),
(1423, 'Drama', 85),
(1424, 'Evia', 85),
(1425, 'Evritania', 85),
(1426, 'Evros', 85),
(1427, 'Evvoia', 85),
(1428, 'Florina', 85),
(1429, 'Fokis', 85),
(1430, 'Fthiotis', 85),
(1431, 'Grevena', 85),
(1432, 'Halandri', 85),
(1433, 'Halkidiki', 85),
(1434, 'Hania', 85),
(1435, 'Heraklion', 85),
(1436, 'Hios', 85),
(1437, 'Ilia', 85),
(1438, 'Imathia', 85),
(1439, 'Ioannina', 85),
(1440, 'Iraklion', 85),
(1441, 'Karditsa', 85),
(1442, 'Kastoria', 85),
(1443, 'Kavala', 85),
(1444, 'Kefallinia', 85),
(1445, 'Kerkira', 85),
(1446, 'Kiklades', 85),
(1447, 'Kilkis', 85),
(1448, 'Korinthia', 85),
(1449, 'Kozani', 85),
(1450, 'Lakonia', 85),
(1451, 'Larisa', 85),
(1452, 'Lasithi', 85),
(1453, 'Lesvos', 85),
(1454, 'Levkas', 85),
(1455, 'Magnisia', 85),
(1456, 'Messinia', 85),
(1457, 'Nomos Attikis', 85),
(1458, 'Nomos Zakynthou', 85),
(1459, 'Pella', 85),
(1460, 'Pieria', 85),
(1461, 'Piraios', 85),
(1462, 'Preveza', 85),
(1463, 'Rethimni', 85),
(1464, 'Rodopi', 85),
(1465, 'Samos', 85),
(1466, 'Serrai', 85),
(1467, 'Thesprotia', 85),
(1468, 'Thessaloniki', 85),
(1469, 'Trikala', 85),
(1470, 'Voiotia', 85),
(1471, 'West Greece', 85),
(1472, 'Xanthi', 85),
(1473, 'Zakinthos', 85),
(1474, 'Aasiaat', 86),
(1475, 'Ammassalik', 86),
(1476, 'Illoqqortoormiut', 86),
(1477, 'Ilulissat', 86),
(1478, 'Ivittuut', 86),
(1479, 'Kangaatsiaq', 86),
(1480, 'Maniitsoq', 86),
(1481, 'Nanortalik', 86),
(1482, 'Narsaq', 86),
(1483, 'Nuuk', 86),
(1484, 'Paamiut', 86),
(1485, 'Qaanaaq', 86),
(1486, 'Qaqortoq', 86),
(1487, 'Qasigiannguit', 86),
(1488, 'Qeqertarsuaq', 86),
(1489, 'Sisimiut', 86),
(1490, 'Udenfor kommunal inddeling', 86),
(1491, 'Upernavik', 86),
(1492, 'Uummannaq', 86),
(1493, 'Carriacou-Petite Martinique', 87),
(1494, 'Saint Andrew', 87),
(1495, 'Saint Davids', 87),
(1496, 'Saint George''s', 87),
(1497, 'Saint John', 87),
(1498, 'Saint Mark', 87),
(1499, 'Saint Patrick', 87),
(1500, 'Basse-Terre', 88),
(1501, 'Grande-Terre', 88),
(1502, 'Iles des Saintes', 88),
(1503, 'La Desirade', 88),
(1504, 'Marie-Galante', 88),
(1505, 'Saint Barthelemy', 88),
(1506, 'Saint Martin', 88),
(1507, 'Agana Heights', 89),
(1508, 'Agat', 89),
(1509, 'Barrigada', 89),
(1510, 'Chalan-Pago-Ordot', 89),
(1511, 'Dededo', 89),
(1512, 'Hagatna', 89),
(1513, 'Inarajan', 89),
(1514, 'Mangilao', 89),
(1515, 'Merizo', 89),
(1516, 'Mongmong-Toto-Maite', 89),
(1517, 'Santa Rita', 89),
(1518, 'Sinajana', 89),
(1519, 'Talofofo', 89),
(1520, 'Tamuning', 89),
(1521, 'Yigo', 89),
(1522, 'Yona', 89),
(1523, 'Alta Verapaz', 90),
(1524, 'Baja Verapaz', 90),
(1525, 'Chimaltenango', 90),
(1526, 'Chiquimula', 90),
(1527, 'El Progreso', 90),
(1528, 'Escuintla', 90),
(1529, 'Guatemala', 90),
(1530, 'Huehuetenango', 90),
(1531, 'Izabal', 90),
(1532, 'Jalapa', 90),
(1533, 'Jutiapa', 90),
(1534, 'Peten', 90),
(1535, 'Quezaltenango', 90),
(1536, 'Quiche', 90),
(1537, 'Retalhuleu', 90),
(1538, 'Sacatepequez', 90),
(1539, 'San Marcos', 90),
(1540, 'Santa Rosa', 90),
(1541, 'Solola', 90),
(1542, 'Suchitepequez', 90),
(1543, 'Totonicapan', 90),
(1544, 'Zacapa', 90),
(1545, 'Alderney', 91),
(1546, 'Castel', 91),
(1547, 'Forest', 91),
(1548, 'Saint Andrew', 91),
(1549, 'Saint Martin', 91),
(1550, 'Saint Peter Port', 91),
(1551, 'Saint Pierre du Bois', 91),
(1552, 'Saint Sampson', 91),
(1553, 'Saint Saviour', 91),
(1554, 'Sark', 91),
(1555, 'Torteval', 91),
(1556, 'Vale', 91),
(1557, 'Beyla', 92),
(1558, 'Boffa', 92),
(1559, 'Boke', 92),
(1560, 'Conakry', 92),
(1561, 'Coyah', 92),
(1562, 'Dabola', 92),
(1563, 'Dalaba', 92),
(1564, 'Dinguiraye', 92),
(1565, 'Faranah', 92),
(1566, 'Forecariah', 92),
(1567, 'Fria', 92),
(1568, 'Gaoual', 92),
(1569, 'Gueckedou', 92),
(1570, 'Kankan', 92),
(1571, 'Kerouane', 92),
(1572, 'Kindia', 92),
(1573, 'Kissidougou', 92),
(1574, 'Koubia', 92),
(1575, 'Koundara', 92),
(1576, 'Kouroussa', 92),
(1577, 'Labe', 92),
(1578, 'Lola', 92),
(1579, 'Macenta', 92),
(1580, 'Mali', 92),
(1581, 'Mamou', 92),
(1582, 'Mandiana', 92),
(1583, 'Nzerekore', 92),
(1584, 'Pita', 92),
(1585, 'Siguiri', 92),
(1586, 'Telimele', 92),
(1587, 'Tougue', 92),
(1588, 'Yomou', 92),
(1589, 'Bafata', 93),
(1590, 'Bissau', 93),
(1591, 'Bolama', 93),
(1592, 'Cacheu', 93),
(1593, 'Gabu', 93),
(1594, 'Oio', 93),
(1595, 'Quinara', 93),
(1596, 'Tombali', 93),
(1597, 'Barima-Waini', 94),
(1598, 'Cuyuni-Mazaruni', 94),
(1599, 'Demerara-Mahaica', 94),
(1600, 'East Berbice-Corentyne', 94),
(1601, 'Essequibo Islands-West Demerar', 94),
(1602, 'Mahaica-Berbice', 94),
(1603, 'Pomeroon-Supenaam', 94),
(1604, 'Potaro-Siparuni', 94),
(1605, 'Upper Demerara-Berbice', 94),
(1606, 'Upper Takutu-Upper Essequibo', 94),
(1607, 'Artibonite', 95),
(1608, 'Centre', 95),
(1609, 'Grand''Anse', 95),
(1610, 'Nord', 95),
(1611, 'Nord-Est', 95),
(1612, 'Nord-Ouest', 95),
(1613, 'Ouest', 95),
(1614, 'Sud', 95),
(1615, 'Sud-Est', 95),
(1616, 'Heard and McDonald Islands', 96),
(1617, 'Atlantida', 97),
(1618, 'Choluteca', 97),
(1619, 'Colon', 97),
(1620, 'Comayagua', 97),
(1621, 'Copan', 97),
(1622, 'Cortes', 97),
(1623, 'Distrito Central', 97),
(1624, 'El Paraiso', 97),
(1625, 'Francisco Morazan', 97),
(1626, 'Gracias a Dios', 97),
(1627, 'Intibuca', 97),
(1628, 'Islas de la Bahia', 97),
(1629, 'La Paz', 97),
(1630, 'Lempira', 97),
(1631, 'Ocotepeque', 97),
(1632, 'Olancho', 97),
(1633, 'Santa Barbara', 97),
(1634, 'Valle', 97),
(1635, 'Yoro', 97),
(1636, 'Hong Kong', 98),
(1637, 'Bacs-Kiskun', 99),
(1638, 'Baranya', 99),
(1639, 'Bekes', 99),
(1640, 'Borsod-Abauj-Zemplen', 99),
(1641, 'Budapest', 99),
(1642, 'Csongrad', 99),
(1643, 'Fejer', 99),
(1644, 'Gyor-Moson-Sopron', 99),
(1645, 'Hajdu-Bihar', 99),
(1646, 'Heves', 99),
(1647, 'Jasz-Nagykun-Szolnok', 99),
(1648, 'Komarom-Esztergom', 99),
(1649, 'Nograd', 99),
(1650, 'Pest', 99),
(1651, 'Somogy', 99),
(1652, 'Szabolcs-Szatmar-Bereg', 99),
(1653, 'Tolna', 99),
(1654, 'Vas', 99),
(1655, 'Veszprem', 99),
(1656, 'Zala', 99),
(1657, 'Austurland', 100),
(1658, 'Gullbringusysla', 100),
(1659, 'Hofu borgarsva i', 100),
(1660, 'Nor urland eystra', 100),
(1661, 'Nor urland vestra', 100),
(1662, 'Su urland', 100),
(1663, 'Su urnes', 100),
(1664, 'Vestfir ir', 100),
(1665, 'Vesturland', 100),
(1666, 'Aceh', 102),
(1667, 'Bali', 102),
(1668, 'Bangka-Belitung', 102),
(1669, 'Banten', 102),
(1670, 'Bengkulu', 102),
(1671, 'Gandaria', 102),
(1672, 'Gorontalo', 102),
(1673, 'Jakarta', 102),
(1674, 'Jambi', 102),
(1675, 'Jawa Barat', 102),
(1676, 'Jawa Tengah', 102),
(1677, 'Jawa Timur', 102),
(1678, 'Kalimantan Barat', 102),
(1679, 'Kalimantan Selatan', 102),
(1680, 'Kalimantan Tengah', 102),
(1681, 'Kalimantan Timur', 102),
(1682, 'Kendal', 102),
(1683, 'Lampung', 102),
(1684, 'Maluku', 102),
(1685, 'Maluku Utara', 102),
(1686, 'Nusa Tenggara Barat', 102),
(1687, 'Nusa Tenggara Timur', 102),
(1688, 'Papua', 102),
(1689, 'Riau', 102),
(1690, 'Riau Kepulauan', 102),
(1691, 'Solo', 102),
(1692, 'Sulawesi Selatan', 102),
(1693, 'Sulawesi Tengah', 102),
(1694, 'Sulawesi Tenggara', 102),
(1695, 'Sulawesi Utara', 102),
(1696, 'Sumatera Barat', 102),
(1697, 'Sumatera Selatan', 102),
(1698, 'Sumatera Utara', 102),
(1699, 'Yogyakarta', 102),
(1700, 'Ardabil', 103),
(1701, 'Azarbayjan-e Bakhtari', 103),
(1702, 'Azarbayjan-e Khavari', 103),
(1703, 'Bushehr', 103),
(1704, 'Chahar Mahal-e Bakhtiari', 103),
(1705, 'Esfahan', 103),
(1706, 'Fars', 103),
(1707, 'Gilan', 103),
(1708, 'Golestan', 103),
(1709, 'Hamadan', 103),
(1710, 'Hormozgan', 103),
(1711, 'Ilam', 103),
(1712, 'Kerman', 103),
(1713, 'Kermanshah', 103),
(1714, 'Khorasan', 103),
(1715, 'Khuzestan', 103),
(1716, 'Kohgiluyeh-e Boyerahmad', 103),
(1717, 'Kordestan', 103),
(1718, 'Lorestan', 103),
(1719, 'Markazi', 103),
(1720, 'Mazandaran', 103),
(1721, 'Ostan-e Esfahan', 103),
(1722, 'Qazvin', 103),
(1723, 'Qom', 103),
(1724, 'Semnan', 103),
(1725, 'Sistan-e Baluchestan', 103),
(1726, 'Tehran', 103),
(1727, 'Yazd', 103),
(1728, 'Zanjan', 103),
(1729, 'Babil', 104),
(1730, 'Baghdad', 104),
(1731, 'Dahuk', 104),
(1732, 'Dhi Qar', 104),
(1733, 'Diyala', 104),
(1734, 'Erbil', 104),
(1735, 'Irbil', 104),
(1736, 'Karbala', 104),
(1737, 'Kurdistan', 104),
(1738, 'Maysan', 104),
(1739, 'Ninawa', 104),
(1740, 'Salah-ad-Din', 104),
(1741, 'Wasit', 104),
(1742, 'al-Anbar', 104),
(1743, 'al-Basrah', 104),
(1744, 'al-Muthanna', 104),
(1745, 'al-Qadisiyah', 104),
(1746, 'an-Najaf', 104),
(1747, 'as-Sulaymaniyah', 104),
(1748, 'at-Ta''mim', 104),
(1749, 'Armagh', 105),
(1750, 'Carlow', 105),
(1751, 'Cavan', 105),
(1752, 'Clare', 105),
(1753, 'Cork', 105),
(1754, 'Donegal', 105),
(1755, 'Dublin', 105),
(1756, 'Galway', 105),
(1757, 'Kerry', 105),
(1758, 'Kildare', 105),
(1759, 'Kilkenny', 105),
(1760, 'Laois', 105),
(1761, 'Leinster', 105),
(1762, 'Leitrim', 105),
(1763, 'Limerick', 105),
(1764, 'Loch Garman', 105),
(1765, 'Longford', 105),
(1766, 'Louth', 105),
(1767, 'Mayo', 105),
(1768, 'Meath', 105),
(1769, 'Monaghan', 105),
(1770, 'Offaly', 105),
(1771, 'Roscommon', 105),
(1772, 'Sligo', 105),
(1773, 'Tipperary North Riding', 105),
(1774, 'Tipperary South Riding', 105),
(1775, 'Ulster', 105),
(1776, 'Waterford', 105),
(1777, 'Westmeath', 105),
(1778, 'Wexford', 105),
(1779, 'Wicklow', 105),
(1780, 'Beit Hanania', 106),
(1781, 'Ben Gurion Airport', 106),
(1782, 'Bethlehem', 106),
(1783, 'Caesarea', 106),
(1784, 'Centre', 106),
(1785, 'Gaza', 106),
(1786, 'Hadaron', 106),
(1787, 'Haifa District', 106),
(1788, 'Hamerkaz', 106),
(1789, 'Hazafon', 106),
(1790, 'Hebron', 106),
(1791, 'Jaffa', 106),
(1792, 'Jerusalem', 106),
(1793, 'Khefa', 106),
(1794, 'Kiryat Yam', 106),
(1795, 'Lower Galilee', 106),
(1796, 'Qalqilya', 106),
(1797, 'Talme Elazar', 106),
(1798, 'Tel Aviv', 106),
(1799, 'Tsafon', 106),
(1800, 'Umm El Fahem', 106),
(1801, 'Yerushalayim', 106),
(1802, 'Abruzzi', 107),
(1803, 'Abruzzo', 107),
(1804, 'Agrigento', 107),
(1805, 'Alessandria', 107),
(1806, 'Ancona', 107),
(1807, 'Arezzo', 107),
(1808, 'Ascoli Piceno', 107),
(1809, 'Asti', 107),
(1810, 'Avellino', 107),
(1811, 'Bari', 107),
(1812, 'Basilicata', 107),
(1813, 'Belluno', 107),
(1814, 'Benevento', 107),
(1815, 'Bergamo', 107),
(1816, 'Biella', 107),
(1817, 'Bologna', 107),
(1818, 'Bolzano', 107),
(1819, 'Brescia', 107),
(1820, 'Brindisi', 107),
(1821, 'Calabria', 107),
(1822, 'Campania', 107),
(1823, 'Cartoceto', 107),
(1824, 'Caserta', 107),
(1825, 'Catania', 107),
(1826, 'Chieti', 107),
(1827, 'Como', 107),
(1828, 'Cosenza', 107),
(1829, 'Cremona', 107),
(1830, 'Cuneo', 107),
(1831, 'Emilia-Romagna', 107),
(1832, 'Ferrara', 107),
(1833, 'Firenze', 107),
(1834, 'Florence', 107),
(1835, 'Forli-Cesena ', 107),
(1836, 'Friuli-Venezia Giulia', 107),
(1837, 'Frosinone', 107),
(1838, 'Genoa', 107),
(1839, 'Gorizia', 107),
(1840, 'L''Aquila', 107),
(1841, 'Lazio', 107),
(1842, 'Lecce', 107),
(1843, 'Lecco', 107),
(1844, 'Lecco Province', 107),
(1845, 'Liguria', 107),
(1846, 'Lodi', 107),
(1847, 'Lombardia', 107),
(1848, 'Lombardy', 107),
(1849, 'Macerata', 107),
(1850, 'Mantova', 107),
(1851, 'Marche', 107),
(1852, 'Messina', 107),
(1853, 'Milan', 107),
(1854, 'Modena', 107),
(1855, 'Molise', 107),
(1856, 'Molteno', 107),
(1857, 'Montenegro', 107),
(1858, 'Monza and Brianza', 107),
(1859, 'Naples', 107),
(1860, 'Novara', 107),
(1861, 'Padova', 107),
(1862, 'Parma', 107),
(1863, 'Pavia', 107),
(1864, 'Perugia', 107),
(1865, 'Pesaro-Urbino', 107),
(1866, 'Piacenza', 107),
(1867, 'Piedmont', 107),
(1868, 'Piemonte', 107),
(1869, 'Pisa', 107),
(1870, 'Pordenone', 107),
(1871, 'Potenza', 107),
(1872, 'Puglia', 107),
(1873, 'Reggio Emilia', 107),
(1874, 'Rimini', 107),
(1875, 'Roma', 107),
(1876, 'Salerno', 107),
(1877, 'Sardegna', 107),
(1878, 'Sassari', 107),
(1879, 'Savona', 107),
(1880, 'Sicilia', 107),
(1881, 'Siena', 107),
(1882, 'Sondrio', 107),
(1883, 'South Tyrol', 107),
(1884, 'Taranto', 107),
(1885, 'Teramo', 107),
(1886, 'Torino', 107),
(1887, 'Toscana', 107),
(1888, 'Trapani', 107),
(1889, 'Trentino-Alto Adige', 107),
(1890, 'Trento', 107),
(1891, 'Treviso', 107),
(1892, 'Udine', 107),
(1893, 'Umbria', 107),
(1894, 'Valle d''Aosta', 107),
(1895, 'Varese', 107),
(1896, 'Veneto', 107),
(1897, 'Venezia', 107),
(1898, 'Verbano-Cusio-Ossola', 107),
(1899, 'Vercelli', 107),
(1900, 'Verona', 107),
(1901, 'Vicenza', 107),
(1902, 'Viterbo', 107),
(1903, 'Buxoro Viloyati', 108),
(1904, 'Clarendon', 108),
(1905, 'Hanover', 108),
(1906, 'Kingston', 108),
(1907, 'Manchester', 108),
(1908, 'Portland', 108),
(1909, 'Saint Andrews', 108),
(1910, 'Saint Ann', 108),
(1911, 'Saint Catherine', 108),
(1912, 'Saint Elizabeth', 108),
(1913, 'Saint James', 108),
(1914, 'Saint Mary', 108),
(1915, 'Saint Thomas', 108),
(1916, 'Trelawney', 108),
(1917, 'Westmoreland', 108),
(1918, 'Aichi', 109),
(1919, 'Akita', 109),
(1920, 'Aomori', 109),
(1921, 'Chiba', 109),
(1922, 'Ehime', 109),
(1923, 'Fukui', 109),
(1924, 'Fukuoka', 109),
(1925, 'Fukushima', 109),
(1926, 'Gifu', 109),
(1927, 'Gumma', 109),
(1928, 'Hiroshima', 109),
(1929, 'Hokkaido', 109),
(1930, 'Hyogo', 109),
(1931, 'Ibaraki', 109),
(1932, 'Ishikawa', 109),
(1933, 'Iwate', 109),
(1934, 'Kagawa', 109),
(1935, 'Kagoshima', 109),
(1936, 'Kanagawa', 109),
(1937, 'Kanto', 109),
(1938, 'Kochi', 109),
(1939, 'Kumamoto', 109),
(1940, 'Kyoto', 109),
(1941, 'Mie', 109),
(1942, 'Miyagi', 109),
(1943, 'Miyazaki', 109),
(1944, 'Nagano', 109),
(1945, 'Nagasaki', 109),
(1946, 'Nara', 109),
(1947, 'Niigata', 109),
(1948, 'Oita', 109),
(1949, 'Okayama', 109),
(1950, 'Okinawa', 109),
(1951, 'Osaka', 109),
(1952, 'Saga', 109),
(1953, 'Saitama', 109),
(1954, 'Shiga', 109),
(1955, 'Shimane', 109),
(1956, 'Shizuoka', 109),
(1957, 'Tochigi', 109),
(1958, 'Tokushima', 109),
(1959, 'Tokyo', 109),
(1960, 'Tottori', 109),
(1961, 'Toyama', 109),
(1962, 'Wakayama', 109),
(1963, 'Yamagata', 109),
(1964, 'Yamaguchi', 109),
(1965, 'Yamanashi', 109),
(1966, 'Grouville', 110),
(1967, 'Saint Brelade', 110),
(1968, 'Saint Clement', 110),
(1969, 'Saint Helier', 110),
(1970, 'Saint John', 110),
(1971, 'Saint Lawrence', 110),
(1972, 'Saint Martin', 110),
(1973, 'Saint Mary', 110),
(1974, 'Saint Peter', 110),
(1975, 'Saint Saviour', 110),
(1976, 'Trinity', 110),
(1977, '''Ajlun', 111),
(1978, 'Amman', 111),
(1979, 'Irbid', 111),
(1980, 'Jarash', 111),
(1981, 'Ma''an', 111),
(1982, 'Madaba', 111),
(1983, 'al-''Aqabah', 111),
(1984, 'al-Balqa''', 111),
(1985, 'al-Karak', 111),
(1986, 'al-Mafraq', 111),
(1987, 'at-Tafilah', 111),
(1988, 'az-Zarqa''', 111),
(1989, 'Akmecet', 112),
(1990, 'Akmola', 112),
(1991, 'Aktobe', 112),
(1992, 'Almati', 112),
(1993, 'Atirau', 112),
(1994, 'Batis Kazakstan', 112),
(1995, 'Burlinsky Region', 112),
(1996, 'Karagandi', 112),
(1997, 'Kostanay', 112),
(1998, 'Mankistau', 112),
(1999, 'Ontustik Kazakstan', 112),
(2000, 'Pavlodar', 112),
(2001, 'Sigis Kazakstan', 112),
(2002, 'Soltustik Kazakstan', 112),
(2003, 'Taraz', 112),
(2004, 'Central', 113),
(2005, 'Coast', 113),
(2006, 'Eastern', 113),
(2007, 'Nairobi', 113),
(2008, 'North Eastern', 113),
(2009, 'Nyanza', 113),
(2010, 'Rift Valley', 113),
(2011, 'Western', 113),
(2012, 'Abaiang', 114),
(2013, 'Abemana', 114),
(2014, 'Aranuka', 114),
(2015, 'Arorae', 114),
(2016, 'Banaba', 114),
(2017, 'Beru', 114),
(2018, 'Butaritari', 114),
(2019, 'Kiritimati', 114),
(2020, 'Kuria', 114),
(2021, 'Maiana', 114),
(2022, 'Makin', 114),
(2023, 'Marakei', 114),
(2024, 'Nikunau', 114),
(2025, 'Nonouti', 114),
(2026, 'Onotoa', 114),
(2027, 'Phoenix Islands', 114),
(2028, 'Tabiteuea North', 114),
(2029, 'Tabiteuea South', 114),
(2030, 'Tabuaeran', 114),
(2031, 'Tamana', 114),
(2032, 'Tarawa North', 114),
(2033, 'Tarawa South', 114),
(2034, 'Teraina', 114),
(2035, 'Chagangdo', 115),
(2036, 'Hamgyeongbukto', 115),
(2037, 'Hamgyeongnamdo', 115),
(2038, 'Hwanghaebukto', 115),
(2039, 'Hwanghaenamdo', 115),
(2040, 'Kaeseong', 115),
(2041, 'Kangweon', 115),
(2042, 'Nampo', 115),
(2043, 'Pyeonganbukto', 115),
(2044, 'Pyeongannamdo', 115),
(2045, 'Pyeongyang', 115),
(2046, 'Yanggang', 115),
(2047, 'Busan', 116),
(2048, 'Cheju', 116),
(2049, 'Chollabuk', 116),
(2050, 'Chollanam', 116),
(2051, 'Chungbuk', 116),
(2052, 'Chungcheongbuk', 116),
(2053, 'Chungcheongnam', 116),
(2054, 'Chungnam', 116),
(2055, 'Daegu', 116),
(2056, 'Gangwon-do', 116),
(2057, 'Goyang-si', 116),
(2058, 'Gyeonggi-do', 116),
(2059, 'Gyeongsang ', 116),
(2060, 'Gyeongsangnam-do', 116),
(2061, 'Incheon', 116),
(2062, 'Jeju-Si', 116),
(2063, 'Jeonbuk', 116),
(2064, 'Kangweon', 116),
(2065, 'Kwangju', 116),
(2066, 'Kyeonggi', 116),
(2067, 'Kyeongsangbuk', 116),
(2068, 'Kyeongsangnam', 116),
(2069, 'Kyonggi-do', 116),
(2070, 'Kyungbuk-Do', 116),
(2071, 'Kyunggi-Do', 116),
(2072, 'Kyunggi-do', 116),
(2073, 'Pusan', 116),
(2074, 'Seoul', 116),
(2075, 'Sudogwon', 116),
(2076, 'Taegu', 116),
(2077, 'Taejeon', 116),
(2078, 'Taejon-gwangyoksi', 116),
(2079, 'Ulsan', 116),
(2080, 'Wonju', 116),
(2081, 'gwangyoksi', 116),
(2082, 'Al Asimah', 117),
(2083, 'Hawalli', 117),
(2084, 'Mishref', 117),
(2085, 'Qadesiya', 117),
(2086, 'Safat', 117),
(2087, 'Salmiya', 117),
(2088, 'al-Ahmadi', 117),
(2089, 'al-Farwaniyah', 117),
(2090, 'al-Jahra', 117),
(2091, 'al-Kuwayt', 117),
(2092, 'Batken', 118),
(2093, 'Bishkek', 118),
(2094, 'Chui', 118),
(2095, 'Issyk-Kul', 118),
(2096, 'Jalal-Abad', 118),
(2097, 'Naryn', 118),
(2098, 'Osh', 118),
(2099, 'Talas', 118),
(2100, 'Attopu', 119),
(2101, 'Bokeo', 119),
(2102, 'Bolikhamsay', 119),
(2103, 'Champasak', 119),
(2104, 'Houaphanh', 119),
(2105, 'Khammouane', 119),
(2106, 'Luang Nam Tha', 119),
(2107, 'Luang Prabang', 119),
(2108, 'Oudomxay', 119),
(2109, 'Phongsaly', 119),
(2110, 'Saravan', 119),
(2111, 'Savannakhet', 119),
(2112, 'Sekong', 119),
(2113, 'Viangchan Prefecture', 119),
(2114, 'Viangchan Province', 119),
(2115, 'Xaignabury', 119),
(2116, 'Xiang Khuang', 119),
(2117, 'Aizkraukles', 120),
(2118, 'Aluksnes', 120),
(2119, 'Balvu', 120),
(2120, 'Bauskas', 120),
(2121, 'Cesu', 120),
(2122, 'Daugavpils', 120),
(2123, 'Daugavpils City', 120),
(2124, 'Dobeles', 120),
(2125, 'Gulbenes', 120),
(2126, 'Jekabspils', 120),
(2127, 'Jelgava', 120),
(2128, 'Jelgavas', 120),
(2129, 'Jurmala City', 120),
(2130, 'Kraslavas', 120),
(2131, 'Kuldigas', 120),
(2132, 'Liepaja', 120),
(2133, 'Liepajas', 120),
(2134, 'Limbazhu', 120),
(2135, 'Ludzas', 120),
(2136, 'Madonas', 120),
(2137, 'Ogres', 120),
(2138, 'Preilu', 120),
(2139, 'Rezekne', 120),
(2140, 'Rezeknes', 120),
(2141, 'Riga', 120),
(2142, 'Rigas', 120),
(2143, 'Saldus', 120),
(2144, 'Talsu', 120),
(2145, 'Tukuma', 120),
(2146, 'Valkas', 120),
(2147, 'Valmieras', 120),
(2148, 'Ventspils', 120),
(2149, 'Ventspils City', 120),
(2150, 'Beirut', 121),
(2151, 'Jabal Lubnan', 121),
(2152, 'Mohafazat Liban-Nord', 121),
(2153, 'Mohafazat Mont-Liban', 121),
(2154, 'Sidon', 121),
(2155, 'al-Biqa', 121),
(2156, 'al-Janub', 121),
(2157, 'an-Nabatiyah', 121),
(2158, 'ash-Shamal', 121),
(2159, 'Berea', 122),
(2160, 'Butha-Buthe', 122),
(2161, 'Leribe', 122),
(2162, 'Mafeteng', 122),
(2163, 'Maseru', 122),
(2164, 'Mohale''s Hoek', 122),
(2165, 'Mokhotlong', 122),
(2166, 'Qacha''s Nek', 122),
(2167, 'Quthing', 122),
(2168, 'Thaba-Tseka', 122),
(2169, 'Bomi', 123),
(2170, 'Bong', 123),
(2171, 'Grand Bassa', 123),
(2172, 'Grand Cape Mount', 123),
(2173, 'Grand Gedeh', 123),
(2174, 'Loffa', 123),
(2175, 'Margibi', 123),
(2176, 'Maryland and Grand Kru', 123),
(2177, 'Montserrado', 123),
(2178, 'Nimba', 123),
(2179, 'Rivercess', 123),
(2180, 'Sinoe', 123),
(2181, 'Ajdabiya', 124),
(2182, 'Fezzan', 124),
(2183, 'Banghazi', 124),
(2184, 'Darnah', 124),
(2185, 'Ghadamis', 124),
(2186, 'Gharyan', 124),
(2187, 'Misratah', 124),
(2188, 'Murzuq', 124),
(2189, 'Sabha', 124),
(2190, 'Sawfajjin', 124),
(2191, 'Surt', 124),
(2192, 'Tarabulus', 124),
(2193, 'Tarhunah', 124),
(2194, 'Tripolitania', 124),
(2195, 'Tubruq', 124),
(2196, 'Yafran', 124),
(2197, 'Zlitan', 124),
(2198, 'al-''Aziziyah', 124),
(2199, 'al-Fatih', 124),
(2200, 'al-Jabal al Akhdar', 124),
(2201, 'al-Jufrah', 124),
(2202, 'al-Khums', 124),
(2203, 'al-Kufrah', 124),
(2204, 'an-Nuqat al-Khams', 124),
(2205, 'ash-Shati''', 124),
(2206, 'az-Zawiyah', 124),
(2207, 'Balzers', 125),
(2208, 'Eschen', 125),
(2209, 'Gamprin', 125),
(2210, 'Mauren', 125),
(2211, 'Planken', 125),
(2212, 'Ruggell', 125),
(2213, 'Schaan', 125),
(2214, 'Schellenberg', 125),
(2215, 'Triesen', 125),
(2216, 'Triesenberg', 125),
(2217, 'Vaduz', 125),
(2218, 'Alytaus', 126),
(2219, 'Anyksciai', 126),
(2220, 'Kauno', 126),
(2221, 'Klaipedos', 126),
(2222, 'Marijampoles', 126),
(2223, 'Panevezhio', 126),
(2224, 'Panevezys', 126),
(2225, 'Shiauliu', 126),
(2226, 'Taurages', 126),
(2227, 'Telshiu', 126),
(2228, 'Telsiai', 126),
(2229, 'Utenos', 126),
(2230, 'Vilniaus', 126),
(2231, 'Capellen', 127),
(2232, 'Clervaux', 127),
(2233, 'Diekirch', 127),
(2234, 'Echternach', 127),
(2235, 'Esch-sur-Alzette', 127),
(2236, 'Grevenmacher', 127),
(2237, 'Luxembourg', 127),
(2238, 'Mersch', 127),
(2239, 'Redange', 127),
(2240, 'Remich', 127),
(2241, 'Vianden', 127),
(2242, 'Wiltz', 127),
(2243, 'Macau', 128),
(2244, 'Berovo', 129),
(2245, 'Bitola', 129),
(2246, 'Brod', 129),
(2247, 'Debar', 129),
(2248, 'Delchevo', 129),
(2249, 'Demir Hisar', 129),
(2250, 'Gevgelija', 129),
(2251, 'Gostivar', 129),
(2252, 'Kavadarci', 129),
(2253, 'Kichevo', 129),
(2254, 'Kochani', 129),
(2255, 'Kratovo', 129),
(2256, 'Kriva Palanka', 129),
(2257, 'Krushevo', 129),
(2258, 'Kumanovo', 129),
(2259, 'Negotino', 129),
(2260, 'Ohrid', 129),
(2261, 'Prilep', 129),
(2262, 'Probishtip', 129),
(2263, 'Radovish', 129),
(2264, 'Resen', 129),
(2265, 'Shtip', 129),
(2266, 'Skopje', 129),
(2267, 'Struga', 129),
(2268, 'Strumica', 129),
(2269, 'Sveti Nikole', 129),
(2270, 'Tetovo', 129),
(2271, 'Valandovo', 129),
(2272, 'Veles', 129),
(2273, 'Vinica', 129),
(2274, 'Antananarivo', 130),
(2275, 'Antsiranana', 130),
(2276, 'Fianarantsoa', 130),
(2277, 'Mahajanga', 130),
(2278, 'Toamasina', 130),
(2279, 'Toliary', 130),
(2280, 'Balaka', 131),
(2281, 'Blantyre City', 131),
(2282, 'Chikwawa', 131),
(2283, 'Chiradzulu', 131),
(2284, 'Chitipa', 131),
(2285, 'Dedza', 131),
(2286, 'Dowa', 131),
(2287, 'Karonga', 131),
(2288, 'Kasungu', 131),
(2289, 'Lilongwe City', 131),
(2290, 'Machinga', 131),
(2291, 'Mangochi', 131),
(2292, 'Mchinji', 131),
(2293, 'Mulanje', 131),
(2294, 'Mwanza', 131),
(2295, 'Mzimba', 131),
(2296, 'Mzuzu City', 131),
(2297, 'Nkhata Bay', 131),
(2298, 'Nkhotakota', 131),
(2299, 'Nsanje', 131),
(2300, 'Ntcheu', 131),
(2301, 'Ntchisi', 131),
(2302, 'Phalombe', 131),
(2303, 'Rumphi', 131),
(2304, 'Salima', 131),
(2305, 'Thyolo', 131),
(2306, 'Zomba Municipality', 131),
(2307, 'Johor', 132),
(2308, 'Kedah', 132),
(2309, 'Kelantan', 132),
(2310, 'Kuala Lumpur', 132),
(2311, 'Labuan', 132),
(2312, 'Melaka', 132),
(2313, 'Negeri Johor', 132),
(2314, 'Negeri Sembilan', 132),
(2315, 'Pahang', 132),
(2316, 'Penang', 132),
(2317, 'Perak', 132),
(2318, 'Perlis', 132),
(2319, 'Pulau Pinang', 132),
(2320, 'Sabah', 132),
(2321, 'Sarawak', 132),
(2322, 'Selangor', 132),
(2323, 'Sembilan', 132),
(2324, 'Terengganu', 132),
(2325, 'Alif Alif', 133),
(2326, 'Alif Dhaal', 133),
(2327, 'Baa', 133),
(2328, 'Dhaal', 133),
(2329, 'Faaf', 133),
(2330, 'Gaaf Alif', 133),
(2331, 'Gaaf Dhaal', 133),
(2332, 'Ghaviyani', 133),
(2333, 'Haa Alif', 133),
(2334, 'Haa Dhaal', 133),
(2335, 'Kaaf', 133),
(2336, 'Laam', 133),
(2337, 'Lhaviyani', 133),
(2338, 'Male', 133),
(2339, 'Miim', 133),
(2340, 'Nuun', 133),
(2341, 'Raa', 133),
(2342, 'Shaviyani', 133),
(2343, 'Siin', 133),
(2344, 'Thaa', 133),
(2345, 'Vaav', 133),
(2346, 'Bamako', 134),
(2347, 'Gao', 134),
(2348, 'Kayes', 134),
(2349, 'Kidal', 134),
(2350, 'Koulikoro', 134),
(2351, 'Mopti', 134),
(2352, 'Segou', 134),
(2353, 'Sikasso', 134),
(2354, 'Tombouctou', 134),
(2355, 'Gozo and Comino', 135),
(2356, 'Inner Harbour', 135),
(2357, 'Northern', 135),
(2358, 'Outer Harbour', 135),
(2359, 'South Eastern', 135),
(2360, 'Valletta', 135),
(2361, 'Western', 135),
(2362, 'Castletown', 136),
(2363, 'Douglas', 136),
(2364, 'Laxey', 136),
(2365, 'Onchan', 136),
(2366, 'Peel', 136),
(2367, 'Port Erin', 136),
(2368, 'Port Saint Mary', 136),
(2369, 'Ramsey', 136),
(2370, 'Ailinlaplap', 137),
(2371, 'Ailuk', 137),
(2372, 'Arno', 137),
(2373, 'Aur', 137),
(2374, 'Bikini', 137),
(2375, 'Ebon', 137),
(2376, 'Enewetak', 137),
(2377, 'Jabat', 137),
(2378, 'Jaluit', 137),
(2379, 'Kili', 137),
(2380, 'Kwajalein', 137),
(2381, 'Lae', 137),
(2382, 'Lib', 137),
(2383, 'Likiep', 137),
(2384, 'Majuro', 137),
(2385, 'Maloelap', 137),
(2386, 'Mejit', 137),
(2387, 'Mili', 137),
(2388, 'Namorik', 137),
(2389, 'Namu', 137),
(2390, 'Rongelap', 137),
(2391, 'Ujae', 137),
(2392, 'Utrik', 137),
(2393, 'Wotho', 137),
(2394, 'Wotje', 137),
(2395, 'Fort-de-France', 138),
(2396, 'La Trinite', 138),
(2397, 'Le Marin', 138),
(2398, 'Saint-Pierre', 138),
(2399, 'Adrar', 139),
(2400, 'Assaba', 139),
(2401, 'Brakna', 139),
(2402, 'Dhakhlat Nawadibu', 139),
(2403, 'Hudh-al-Gharbi', 139),
(2404, 'Hudh-ash-Sharqi', 139),
(2405, 'Inshiri', 139),
(2406, 'Nawakshut', 139),
(2407, 'Qidimagha', 139),
(2408, 'Qurqul', 139),
(2409, 'Taqant', 139),
(2410, 'Tiris Zammur', 139),
(2411, 'Trarza', 139),
(2412, 'Black River', 140),
(2413, 'Eau Coulee', 140),
(2414, 'Flacq', 140),
(2415, 'Floreal', 140),
(2416, 'Grand Port', 140),
(2417, 'Moka', 140),
(2418, 'Pamplempousses', 140),
(2419, 'Plaines Wilhelm', 140),
(2420, 'Port Louis', 140),
(2421, 'Riviere du Rempart', 140),
(2422, 'Rodrigues', 140),
(2423, 'Rose Hill', 140),
(2424, 'Savanne', 140),
(2425, 'Mayotte', 141),
(2426, 'Pamanzi', 141),
(2427, 'Aguascalientes', 142),
(2428, 'Baja California', 142),
(2429, 'Baja California Sur', 142),
(2430, 'Campeche', 142),
(2431, 'Chiapas', 142),
(2432, 'Chihuahua', 142),
(2433, 'Coahuila', 142),
(2434, 'Colima', 142),
(2435, 'Distrito Federal', 142),
(2436, 'Durango', 142),
(2437, 'Estado de Mexico', 142),
(2438, 'Guanajuato', 142),
(2439, 'Guerrero', 142),
(2440, 'Hidalgo', 142),
(2441, 'Jalisco', 142),
(2442, 'Mexico', 142),
(2443, 'Michoacan', 142),
(2444, 'Morelos', 142),
(2445, 'Nayarit', 142),
(2446, 'Nuevo Leon', 142),
(2447, 'Oaxaca', 142),
(2448, 'Puebla', 142),
(2449, 'Queretaro', 142),
(2450, 'Quintana Roo', 142),
(2451, 'San Luis Potosi', 142),
(2452, 'Sinaloa', 142),
(2453, 'Sonora', 142),
(2454, 'Tabasco', 142),
(2455, 'Tamaulipas', 142),
(2456, 'Tlaxcala', 142),
(2457, 'Veracruz', 142),
(2458, 'Yucatan', 142),
(2459, 'Zacatecas', 142),
(2460, 'Chuuk', 143),
(2461, 'Kusaie', 143),
(2462, 'Pohnpei', 143),
(2463, 'Yap', 143),
(2464, 'Balti', 144),
(2465, 'Cahul', 144),
(2466, 'Chisinau', 144),
(2467, 'Chisinau Oras', 144),
(2468, 'Edinet', 144),
(2469, 'Gagauzia', 144),
(2470, 'Lapusna', 144),
(2471, 'Orhei', 144),
(2472, 'Soroca', 144),
(2473, 'Taraclia', 144),
(2474, 'Tighina', 144),
(2475, 'Transnistria', 144),
(2476, 'Ungheni', 144),
(2477, 'Fontvieille', 145),
(2478, 'La Condamine', 145),
(2479, 'Monaco-Ville', 145),
(2480, 'Monte Carlo', 145),
(2481, 'Arhangaj', 146),
(2482, 'Bajan-Olgij', 146),
(2483, 'Bajanhongor', 146),
(2484, 'Bulgan', 146),
(2485, 'Darhan-Uul', 146),
(2486, 'Dornod', 146),
(2487, 'Dornogovi', 146),
(2488, 'Dundgovi', 146),
(2489, 'Govi-Altaj', 146),
(2490, 'Govisumber', 146),
(2491, 'Hentij', 146),
(2492, 'Hovd', 146),
(2493, 'Hovsgol', 146),
(2494, 'Omnogovi', 146),
(2495, 'Orhon', 146),
(2496, 'Ovorhangaj', 146),
(2497, 'Selenge', 146),
(2498, 'Suhbaatar', 146),
(2499, 'Tov', 146),
(2500, 'Ulaanbaatar', 146),
(2501, 'Uvs', 146),
(2502, 'Zavhan', 146),
(2503, 'Montserrat', 147),
(2504, 'Agadir', 148),
(2505, 'Casablanca', 148),
(2506, 'Chaouia-Ouardigha', 148),
(2507, 'Doukkala-Abda', 148),
(2508, 'Fes-Boulemane', 148),
(2509, 'Gharb-Chrarda-Beni Hssen', 148),
(2510, 'Guelmim', 148),
(2511, 'Kenitra', 148),
(2512, 'Marrakech-Tensift-Al Haouz', 148),
(2513, 'Meknes-Tafilalet', 148),
(2514, 'Oriental', 148),
(2515, 'Oujda', 148),
(2516, 'Province de Tanger', 148),
(2517, 'Rabat-Sale-Zammour-Zaer', 148),
(2518, 'Sala Al Jadida', 148),
(2519, 'Settat', 148),
(2520, 'Souss Massa-Draa', 148),
(2521, 'Tadla-Azilal', 148),
(2522, 'Tangier-Tetouan', 148),
(2523, 'Taza-Al Hoceima-Taounate', 148),
(2524, 'Wilaya de Casablanca', 148),
(2525, 'Wilaya de Rabat-Sale', 148),
(2526, 'Cabo Delgado', 149),
(2527, 'Gaza', 149),
(2528, 'Inhambane', 149),
(2529, 'Manica', 149),
(2530, 'Maputo', 149),
(2531, 'Maputo Provincia', 149),
(2532, 'Nampula', 149),
(2533, 'Niassa', 149),
(2534, 'Sofala', 149),
(2535, 'Tete', 149),
(2536, 'Zambezia', 149),
(2537, 'Ayeyarwady', 150),
(2538, 'Bago', 150),
(2539, 'Chin', 150),
(2540, 'Kachin', 150),
(2541, 'Kayah', 150),
(2542, 'Kayin', 150),
(2543, 'Magway', 150),
(2544, 'Mandalay', 150),
(2545, 'Mon', 150),
(2546, 'Nay Pyi Taw', 150),
(2547, 'Rakhine', 150),
(2548, 'Sagaing', 150),
(2549, 'Shan', 150),
(2550, 'Tanintharyi', 150),
(2551, 'Yangon', 150),
(2552, 'Caprivi', 151),
(2553, 'Erongo', 151),
(2554, 'Hardap', 151),
(2555, 'Karas', 151),
(2556, 'Kavango', 151),
(2557, 'Khomas', 151),
(2558, 'Kunene', 151),
(2559, 'Ohangwena', 151),
(2560, 'Omaheke', 151),
(2561, 'Omusati', 151),
(2562, 'Oshana', 151),
(2563, 'Oshikoto', 151),
(2564, 'Otjozondjupa', 151),
(2565, 'Yaren', 152),
(2566, 'Bagmati', 153),
(2567, 'Bheri', 153),
(2568, 'Dhawalagiri', 153),
(2569, 'Gandaki', 153),
(2570, 'Janakpur', 153),
(2571, 'Karnali', 153),
(2572, 'Koshi', 153),
(2573, 'Lumbini', 153),
(2574, 'Mahakali', 153),
(2575, 'Mechi', 153),
(2576, 'Narayani', 153),
(2577, 'Rapti', 153),
(2578, 'Sagarmatha', 153),
(2579, 'Seti', 153),
(2580, 'Bonaire', 154),
(2581, 'Curacao', 154),
(2582, 'Saba', 154),
(2583, 'Sint Eustatius', 154),
(2584, 'Sint Maarten', 154),
(2585, 'Amsterdam', 155),
(2586, 'Benelux', 155),
(2587, 'Drenthe', 155),
(2588, 'Flevoland', 155),
(2589, 'Friesland', 155),
(2590, 'Gelderland', 155),
(2591, 'Groningen', 155),
(2592, 'Limburg', 155),
(2593, 'Noord-Brabant', 155),
(2594, 'Noord-Holland', 155),
(2595, 'Overijssel', 155),
(2596, 'South Holland', 155),
(2597, 'Utrecht', 155),
(2598, 'Zeeland', 155),
(2599, 'Zuid-Holland', 155),
(2600, 'Iles', 156),
(2601, 'Nord', 156),
(2602, 'Sud', 156),
(2603, 'Area Outside Region', 157),
(2604, 'Auckland', 157),
(2605, 'Bay of Plenty', 157),
(2606, 'Canterbury', 157),
(2607, 'Christchurch', 157),
(2608, 'Gisborne', 157),
(2609, 'Hawke''s Bay', 157),
(2610, 'Manawatu-Wanganui', 157),
(2611, 'Marlborough', 157),
(2612, 'Nelson', 157),
(2613, 'Northland', 157),
(2614, 'Otago', 157),
(2615, 'Rodney', 157),
(2616, 'Southland', 157),
(2617, 'Taranaki', 157),
(2618, 'Tasman', 157),
(2619, 'Waikato', 157),
(2620, 'Wellington', 157),
(2621, 'West Coast', 157),
(2622, 'Atlantico Norte', 158),
(2623, 'Atlantico Sur', 158),
(2624, 'Boaco', 158),
(2625, 'Carazo', 158),
(2626, 'Chinandega', 158),
(2627, 'Chontales', 158),
(2628, 'Esteli', 158),
(2629, 'Granada', 158),
(2630, 'Jinotega', 158),
(2631, 'Leon', 158),
(2632, 'Madriz', 158),
(2633, 'Managua', 158),
(2634, 'Masaya', 158),
(2635, 'Matagalpa', 158),
(2636, 'Nueva Segovia', 158),
(2637, 'Rio San Juan', 158),
(2638, 'Rivas', 158),
(2639, 'Agadez', 159),
(2640, 'Diffa', 159),
(2641, 'Dosso', 159),
(2642, 'Maradi', 159),
(2643, 'Niamey', 159),
(2644, 'Tahoua', 159),
(2645, 'Tillabery', 159),
(2646, 'Zinder', 159),
(2647, 'Abia', 160),
(2648, 'Abuja Federal Capital Territor', 160),
(2649, 'Adamawa', 160),
(2650, 'Akwa Ibom', 160),
(2651, 'Anambra', 160),
(2652, 'Bauchi', 160),
(2653, 'Bayelsa', 160),
(2654, 'Benue', 160),
(2655, 'Borno', 160),
(2656, 'Cross River', 160),
(2657, 'Delta', 160),
(2658, 'Ebonyi', 160),
(2659, 'Edo', 160),
(2660, 'Ekiti', 160),
(2661, 'Enugu', 160),
(2662, 'Gombe', 160),
(2663, 'Imo', 160),
(2664, 'Jigawa', 160),
(2665, 'Kaduna', 160),
(2666, 'Kano', 160),
(2667, 'Katsina', 160),
(2668, 'Kebbi', 160),
(2669, 'Kogi', 160),
(2670, 'Kwara', 160),
(2671, 'Lagos', 160),
(2672, 'Nassarawa', 160),
(2673, 'Niger', 160),
(2674, 'Ogun', 160),
(2675, 'Ondo', 160),
(2676, 'Osun', 160),
(2677, 'Oyo', 160),
(2678, 'Plateau', 160),
(2679, 'Rivers', 160),
(2680, 'Sokoto', 160),
(2681, 'Taraba', 160),
(2682, 'Yobe', 160),
(2683, 'Zamfara', 160),
(2684, 'Niue', 161),
(2685, 'Norfolk Island', 162),
(2686, 'Northern Islands', 163),
(2687, 'Rota', 163),
(2688, 'Saipan', 163),
(2689, 'Tinian', 163),
(2690, 'Akershus', 164),
(2691, 'Aust Agder', 164),
(2692, 'Bergen', 164),
(2693, 'Buskerud', 164),
(2694, 'Finnmark', 164),
(2695, 'Hedmark', 164),
(2696, 'Hordaland', 164),
(2697, 'Moere og Romsdal', 164),
(2698, 'Nord Trondelag', 164),
(2699, 'Nordland', 164),
(2700, 'Oestfold', 164),
(2701, 'Oppland', 164),
(2702, 'Oslo', 164),
(2703, 'Rogaland', 164),
(2704, 'Soer Troendelag', 164),
(2705, 'Sogn og Fjordane', 164),
(2706, 'Stavern', 164),
(2707, 'Sykkylven', 164),
(2708, 'Telemark', 164),
(2709, 'Troms', 164),
(2710, 'Vest Agder', 164),
(2711, 'Vestfold', 164),
(2712, 'Ã?stfold', 164),
(2713, 'Al Buraimi', 165),
(2714, 'Dhufar', 165),
(2715, 'Masqat', 165),
(2716, 'Musandam', 165),
(2717, 'Rusayl', 165),
(2718, 'Wadi Kabir', 165),
(2719, 'ad-Dakhiliyah', 165),
(2720, 'adh-Dhahirah', 165),
(2721, 'al-Batinah', 165),
(2722, 'ash-Sharqiyah', 165),
(2723, 'Baluchistan', 166),
(2724, 'Federal Capital Area', 166),
(2725, 'Federally administered Tribal ', 166),
(2726, 'North-West Frontier', 166),
(2727, 'Northern Areas', 166),
(2728, 'Punjab', 166),
(2729, 'Sind', 166),
(2730, 'Aimeliik', 167),
(2731, 'Airai', 167),
(2732, 'Angaur', 167),
(2733, 'Hatobohei', 167),
(2734, 'Kayangel', 167),
(2735, 'Koror', 167),
(2736, 'Melekeok', 167),
(2737, 'Ngaraard', 167),
(2738, 'Ngardmau', 167),
(2739, 'Ngaremlengui', 167),
(2740, 'Ngatpang', 167),
(2741, 'Ngchesar', 167),
(2742, 'Ngerchelong', 167),
(2743, 'Ngiwal', 167),
(2744, 'Peleliu', 167),
(2745, 'Sonsorol', 167),
(2746, 'Ariha', 168),
(2747, 'Bayt Lahm', 168),
(2748, 'Bethlehem', 168),
(2749, 'Dayr-al-Balah', 168),
(2750, 'Ghazzah', 168),
(2751, 'Ghazzah ash-Shamaliyah', 168),
(2752, 'Janin', 168),
(2753, 'Khan Yunis', 168),
(2754, 'Nabulus', 168),
(2755, 'Qalqilyah', 168),
(2756, 'Rafah', 168),
(2757, 'Ram Allah wal-Birah', 168),
(2758, 'Salfit', 168),
(2759, 'Tubas', 168),
(2760, 'Tulkarm', 168),
(2761, 'al-Khalil', 168),
(2762, 'al-Quds', 168),
(2763, 'Bocas del Toro', 169),
(2764, 'Chiriqui', 169),
(2765, 'Cocle', 169),
(2766, 'Colon', 169),
(2767, 'Darien', 169),
(2768, 'Embera', 169),
(2769, 'Herrera', 169),
(2770, 'Kuna Yala', 169),
(2771, 'Los Santos', 169),
(2772, 'Ngobe Bugle', 169),
(2773, 'Panama', 169),
(2774, 'Veraguas', 169),
(2775, 'East New Britain', 170),
(2776, 'East Sepik', 170),
(2777, 'Eastern Highlands', 170),
(2778, 'Enga', 170),
(2779, 'Fly River', 170),
(2780, 'Gulf', 170),
(2781, 'Madang', 170),
(2782, 'Manus', 170),
(2783, 'Milne Bay', 170),
(2784, 'Morobe', 170),
(2785, 'National Capital District', 170),
(2786, 'New Ireland', 170),
(2787, 'North Solomons', 170),
(2788, 'Oro', 170),
(2789, 'Sandaun', 170),
(2790, 'Simbu', 170),
(2791, 'Southern Highlands', 170),
(2792, 'West New Britain', 170),
(2793, 'Western Highlands', 170),
(2794, 'Alto Paraguay', 171),
(2795, 'Alto Parana', 171),
(2796, 'Amambay', 171),
(2797, 'Asuncion', 171),
(2798, 'Boqueron', 171),
(2799, 'Caaguazu', 171),
(2800, 'Caazapa', 171),
(2801, 'Canendiyu', 171),
(2802, 'Central', 171),
(2803, 'Concepcion', 171),
(2804, 'Cordillera', 171),
(2805, 'Guaira', 171),
(2806, 'Itapua', 171),
(2807, 'Misiones', 171),
(2808, 'Neembucu', 171),
(2809, 'Paraguari', 171),
(2810, 'Presidente Hayes', 171),
(2811, 'San Pedro', 171),
(2812, 'Amazonas', 172),
(2813, 'Ancash', 172),
(2814, 'Apurimac', 172),
(2815, 'Arequipa', 172),
(2816, 'Ayacucho', 172),
(2817, 'Cajamarca', 172),
(2818, 'Cusco', 172),
(2819, 'Huancavelica', 172),
(2820, 'Huanuco', 172),
(2821, 'Ica', 172),
(2822, 'Junin', 172),
(2823, 'La Libertad', 172),
(2824, 'Lambayeque', 172),
(2825, 'Lima y Callao', 172),
(2826, 'Loreto', 172),
(2827, 'Madre de Dios', 172),
(2828, 'Moquegua', 172),
(2829, 'Pasco', 172),
(2830, 'Piura', 172),
(2831, 'Puno', 172),
(2832, 'San Martin', 172),
(2833, 'Tacna', 172),
(2834, 'Tumbes', 172),
(2835, 'Ucayali', 172),
(2836, 'Batangas', 173),
(2837, 'Bicol', 173),
(2838, 'Bulacan', 173),
(2839, 'Cagayan', 173),
(2840, 'Caraga', 173),
(2841, 'Central Luzon', 173),
(2842, 'Central Mindanao', 173),
(2843, 'Central Visayas', 173),
(2844, 'Cordillera', 173),
(2845, 'Davao', 173),
(2846, 'Eastern Visayas', 173),
(2847, 'Greater Metropolitan Area', 173),
(2848, 'Ilocos', 173),
(2849, 'Laguna', 173),
(2850, 'Luzon', 173),
(2851, 'Mactan', 173),
(2852, 'Metropolitan Manila Area', 173),
(2853, 'Muslim Mindanao', 173),
(2854, 'Northern Mindanao', 173),
(2855, 'Southern Mindanao', 173),
(2856, 'Southern Tagalog', 173),
(2857, 'Western Mindanao', 173),
(2858, 'Western Visayas', 173),
(2859, 'Pitcairn Island', 174),
(2860, 'Biale Blota', 175),
(2861, 'Dobroszyce', 175),
(2862, 'Dolnoslaskie', 175),
(2863, 'Dziekanow Lesny', 175),
(2864, 'Hopowo', 175),
(2865, 'Kartuzy', 175),
(2866, 'Koscian', 175),
(2867, 'Krakow', 175),
(2868, 'Kujawsko-Pomorskie', 175),
(2869, 'Lodzkie', 175),
(2870, 'Lubelskie', 175),
(2871, 'Lubuskie', 175),
(2872, 'Malomice', 175),
(2873, 'Malopolskie', 175),
(2874, 'Mazowieckie', 175),
(2875, 'Mirkow', 175),
(2876, 'Opolskie', 175),
(2877, 'Ostrowiec', 175),
(2878, 'Podkarpackie', 175),
(2879, 'Podlaskie', 175),
(2880, 'Polska', 175),
(2881, 'Pomorskie', 175),
(2882, 'Poznan', 175),
(2883, 'Pruszkow', 175),
(2884, 'Rymanowska', 175),
(2885, 'Rzeszow', 175),
(2886, 'Slaskie', 175),
(2887, 'Stare Pole', 175),
(2888, 'Swietokrzyskie', 175),
(2889, 'Warminsko-Mazurskie', 175),
(2890, 'Warsaw', 175),
(2891, 'Wejherowo', 175),
(2892, 'Wielkopolskie', 175),
(2893, 'Wroclaw', 175),
(2894, 'Zachodnio-Pomorskie', 175),
(2895, 'Zukowo', 175),
(2896, 'Abrantes', 176),
(2897, 'Acores', 176),
(2898, 'Alentejo', 176),
(2899, 'Algarve', 176),
(2900, 'Braga', 176),
(2901, 'Centro', 176),
(2902, 'Distrito de Leiria', 176),
(2903, 'Distrito de Viana do Castelo', 176),
(2904, 'Distrito de Vila Real', 176),
(2905, 'Distrito do Porto', 176),
(2906, 'Lisboa e Vale do Tejo', 176),
(2907, 'Madeira', 176),
(2908, 'Norte', 176),
(2909, 'Paivas', 176),
(2910, 'Arecibo', 177),
(2911, 'Bayamon', 177),
(2912, 'Carolina', 177),
(2913, 'Florida', 177),
(2914, 'Guayama', 177),
(2915, 'Humacao', 177),
(2916, 'Mayaguez-Aguadilla', 177),
(2917, 'Ponce', 177),
(2918, 'Salinas', 177),
(2919, 'San Juan', 177);
INSERT INTO `states` (`id`, `name`, `country_id`) VALUES
(2920, 'Doha', 178),
(2921, 'Jarian-al-Batnah', 178),
(2922, 'Umm Salal', 178),
(2923, 'ad-Dawhah', 178),
(2924, 'al-Ghuwayriyah', 178),
(2925, 'al-Jumayliyah', 178),
(2926, 'al-Khawr', 178),
(2927, 'al-Wakrah', 178),
(2928, 'ar-Rayyan', 178),
(2929, 'ash-Shamal', 178),
(2930, 'Saint-Benoit', 179),
(2931, 'Saint-Denis', 179),
(2932, 'Saint-Paul', 179),
(2933, 'Saint-Pierre', 179),
(2934, 'Alba', 180),
(2935, 'Arad', 180),
(2936, 'Arges', 180),
(2937, 'Bacau', 180),
(2938, 'Bihor', 180),
(2939, 'Bistrita-Nasaud', 180),
(2940, 'Botosani', 180),
(2941, 'Braila', 180),
(2942, 'Brasov', 180),
(2943, 'Bucuresti', 180),
(2944, 'Buzau', 180),
(2945, 'Calarasi', 180),
(2946, 'Caras-Severin', 180),
(2947, 'Cluj', 180),
(2948, 'Constanta', 180),
(2949, 'Covasna', 180),
(2950, 'Dambovita', 180),
(2951, 'Dolj', 180),
(2952, 'Galati', 180),
(2953, 'Giurgiu', 180),
(2954, 'Gorj', 180),
(2955, 'Harghita', 180),
(2956, 'Hunedoara', 180),
(2957, 'Ialomita', 180),
(2958, 'Iasi', 180),
(2959, 'Ilfov', 180),
(2960, 'Maramures', 180),
(2961, 'Mehedinti', 180),
(2962, 'Mures', 180),
(2963, 'Neamt', 180),
(2964, 'Olt', 180),
(2965, 'Prahova', 180),
(2966, 'Salaj', 180),
(2967, 'Satu Mare', 180),
(2968, 'Sibiu', 180),
(2969, 'Sondelor', 180),
(2970, 'Suceava', 180),
(2971, 'Teleorman', 180),
(2972, 'Timis', 180),
(2973, 'Tulcea', 180),
(2974, 'Valcea', 180),
(2975, 'Vaslui', 180),
(2976, 'Vrancea', 180),
(2977, 'Adygeja', 181),
(2978, 'Aga', 181),
(2979, 'Alanija', 181),
(2980, 'Altaj', 181),
(2981, 'Amur', 181),
(2982, 'Arhangelsk', 181),
(2983, 'Astrahan', 181),
(2984, 'Bashkortostan', 181),
(2985, 'Belgorod', 181),
(2986, 'Brjansk', 181),
(2987, 'Burjatija', 181),
(2988, 'Chechenija', 181),
(2989, 'Cheljabinsk', 181),
(2990, 'Chita', 181),
(2991, 'Chukotka', 181),
(2992, 'Chuvashija', 181),
(2993, 'Dagestan', 181),
(2994, 'Evenkija', 181),
(2995, 'Gorno-Altaj', 181),
(2996, 'Habarovsk', 181),
(2997, 'Hakasija', 181),
(2998, 'Hanty-Mansija', 181),
(2999, 'Ingusetija', 181),
(3000, 'Irkutsk', 181),
(3001, 'Ivanovo', 181),
(3002, 'Jamalo-Nenets', 181),
(3003, 'Jaroslavl', 181),
(3004, 'Jevrej', 181),
(3005, 'Kabardino-Balkarija', 181),
(3006, 'Kaliningrad', 181),
(3007, 'Kalmykija', 181),
(3008, 'Kaluga', 181),
(3009, 'Kamchatka', 181),
(3010, 'Karachaj-Cherkessija', 181),
(3011, 'Karelija', 181),
(3012, 'Kemerovo', 181),
(3013, 'Khabarovskiy Kray', 181),
(3014, 'Kirov', 181),
(3015, 'Komi', 181),
(3016, 'Komi-Permjakija', 181),
(3017, 'Korjakija', 181),
(3018, 'Kostroma', 181),
(3019, 'Krasnodar', 181),
(3020, 'Krasnojarsk', 181),
(3021, 'Krasnoyarskiy Kray', 181),
(3022, 'Kurgan', 181),
(3023, 'Kursk', 181),
(3024, 'Leningrad', 181),
(3025, 'Lipeck', 181),
(3026, 'Magadan', 181),
(3027, 'Marij El', 181),
(3028, 'Mordovija', 181),
(3029, 'Moscow', 181),
(3030, 'Moskovskaja Oblast', 181),
(3031, 'Moskovskaya Oblast', 181),
(3032, 'Moskva', 181),
(3033, 'Murmansk', 181),
(3034, 'Nenets', 181),
(3035, 'Nizhnij Novgorod', 181),
(3036, 'Novgorod', 181),
(3037, 'Novokusnezk', 181),
(3038, 'Novosibirsk', 181),
(3039, 'Omsk', 181),
(3040, 'Orenburg', 181),
(3041, 'Orjol', 181),
(3042, 'Penza', 181),
(3043, 'Perm', 181),
(3044, 'Primorje', 181),
(3045, 'Pskov', 181),
(3046, 'Pskovskaya Oblast', 181),
(3047, 'Rjazan', 181),
(3048, 'Rostov', 181),
(3049, 'Saha', 181),
(3050, 'Sahalin', 181),
(3051, 'Samara', 181),
(3052, 'Samarskaya', 181),
(3053, 'Sankt-Peterburg', 181),
(3054, 'Saratov', 181),
(3055, 'Smolensk', 181),
(3056, 'Stavropol', 181),
(3057, 'Sverdlovsk', 181),
(3058, 'Tajmyrija', 181),
(3059, 'Tambov', 181),
(3060, 'Tatarstan', 181),
(3061, 'Tjumen', 181),
(3062, 'Tomsk', 181),
(3063, 'Tula', 181),
(3064, 'Tver', 181),
(3065, 'Tyva', 181),
(3066, 'Udmurtija', 181),
(3067, 'Uljanovsk', 181),
(3068, 'Ulyanovskaya Oblast', 181),
(3069, 'Ust-Orda', 181),
(3070, 'Vladimir', 181),
(3071, 'Volgograd', 181),
(3072, 'Vologda', 181),
(3073, 'Voronezh', 181),
(3074, 'Butare', 182),
(3075, 'Byumba', 182),
(3076, 'Cyangugu', 182),
(3077, 'Gikongoro', 182),
(3078, 'Gisenyi', 182),
(3079, 'Gitarama', 182),
(3080, 'Kibungo', 182),
(3081, 'Kibuye', 182),
(3082, 'Kigali-ngali', 182),
(3083, 'Ruhengeri', 182),
(3084, 'Ascension', 183),
(3085, 'Gough Island', 183),
(3086, 'Saint Helena', 183),
(3087, 'Tristan da Cunha', 183),
(3088, 'Christ Church Nichola Town', 184),
(3089, 'Saint Anne Sandy Point', 184),
(3090, 'Saint George Basseterre', 184),
(3091, 'Saint George Gingerland', 184),
(3092, 'Saint James Windward', 184),
(3093, 'Saint John Capesterre', 184),
(3094, 'Saint John Figtree', 184),
(3095, 'Saint Mary Cayon', 184),
(3096, 'Saint Paul Capesterre', 184),
(3097, 'Saint Paul Charlestown', 184),
(3098, 'Saint Peter Basseterre', 184),
(3099, 'Saint Thomas Lowland', 184),
(3100, 'Saint Thomas Middle Island', 184),
(3101, 'Trinity Palmetto Point', 184),
(3102, 'Anse-la-Raye', 185),
(3103, 'Canaries', 185),
(3104, 'Castries', 185),
(3105, 'Choiseul', 185),
(3106, 'Dennery', 185),
(3107, 'Gros Inlet', 185),
(3108, 'Laborie', 185),
(3109, 'Micoud', 185),
(3110, 'Soufriere', 185),
(3111, 'Vieux Fort', 185),
(3112, 'Miquelon-Langlade', 186),
(3113, 'Saint-Pierre', 186),
(3114, 'Charlotte', 187),
(3115, 'Grenadines', 187),
(3116, 'Saint Andrew', 187),
(3117, 'Saint David', 187),
(3118, 'Saint George', 187),
(3119, 'Saint Patrick', 187),
(3120, 'A''ana', 188),
(3121, 'Aiga-i-le-Tai', 188),
(3122, 'Atua', 188),
(3123, 'Fa''asaleleaga', 188),
(3124, 'Gaga''emauga', 188),
(3125, 'Gagaifomauga', 188),
(3126, 'Palauli', 188),
(3127, 'Satupa''itea', 188),
(3128, 'Tuamasaga', 188),
(3129, 'Va''a-o-Fonoti', 188),
(3130, 'Vaisigano', 188),
(3131, 'Acquaviva', 189),
(3132, 'Borgo Maggiore', 189),
(3133, 'Chiesanuova', 189),
(3134, 'Domagnano', 189),
(3135, 'Faetano', 189),
(3136, 'Fiorentino', 189),
(3137, 'Montegiardino', 189),
(3138, 'San Marino', 189),
(3139, 'Serravalle', 189),
(3140, 'Agua Grande', 190),
(3141, 'Cantagalo', 190),
(3142, 'Lemba', 190),
(3143, 'Lobata', 190),
(3144, 'Me-Zochi', 190),
(3145, 'Pague', 190),
(3146, 'Al Khobar', 191),
(3147, 'Aseer', 191),
(3148, 'Ash Sharqiyah', 191),
(3149, 'Asir', 191),
(3150, 'Central Province', 191),
(3151, 'Eastern Province', 191),
(3152, 'Ha''il', 191),
(3153, 'Jawf', 191),
(3154, 'Jizan', 191),
(3155, 'Makkah', 191),
(3156, 'Najran', 191),
(3157, 'Qasim', 191),
(3158, 'Tabuk', 191),
(3159, 'Western Province', 191),
(3160, 'al-Bahah', 191),
(3161, 'al-Hudud-ash-Shamaliyah', 191),
(3162, 'al-Madinah', 191),
(3163, 'ar-Riyad', 191),
(3164, 'Dakar', 192),
(3165, 'Diourbel', 192),
(3166, 'Fatick', 192),
(3167, 'Kaolack', 192),
(3168, 'Kolda', 192),
(3169, 'Louga', 192),
(3170, 'Saint-Louis', 192),
(3171, 'Tambacounda', 192),
(3172, 'Thies', 192),
(3173, 'Ziguinchor', 192),
(3174, 'Central Serbia', 193),
(3175, 'Kosovo and Metohija', 193),
(3176, 'Vojvodina', 193),
(3177, 'Anse Boileau', 194),
(3178, 'Anse Royale', 194),
(3179, 'Cascade', 194),
(3180, 'Takamaka', 194),
(3181, 'Victoria', 194),
(3182, 'Eastern', 195),
(3183, 'Northern', 195),
(3184, 'Southern', 195),
(3185, 'Western', 195),
(3186, 'Singapore', 196),
(3187, 'Banskobystricky', 197),
(3188, 'Bratislavsky', 197),
(3189, 'Kosicky', 197),
(3190, 'Nitriansky', 197),
(3191, 'Presovsky', 197),
(3192, 'Trenciansky', 197),
(3193, 'Trnavsky', 197),
(3194, 'Zilinsky', 197),
(3195, 'Benedikt', 198),
(3196, 'Gorenjska', 198),
(3197, 'Gorishka', 198),
(3198, 'Jugovzhodna Slovenija', 198),
(3199, 'Koroshka', 198),
(3200, 'Notranjsko-krashka', 198),
(3201, 'Obalno-krashka', 198),
(3202, 'Obcina Domzale', 198),
(3203, 'Obcina Vitanje', 198),
(3204, 'Osrednjeslovenska', 198),
(3205, 'Podravska', 198),
(3206, 'Pomurska', 198),
(3207, 'Savinjska', 198),
(3208, 'Slovenian Littoral', 198),
(3209, 'Spodnjeposavska', 198),
(3210, 'Zasavska', 198),
(3211, 'Pitcairn', 199),
(3212, 'Central', 200),
(3213, 'Choiseul', 200),
(3214, 'Guadalcanal', 200),
(3215, 'Isabel', 200),
(3216, 'Makira and Ulawa', 200),
(3217, 'Malaita', 200),
(3218, 'Rennell and Bellona', 200),
(3219, 'Temotu', 200),
(3220, 'Western', 200),
(3221, 'Awdal', 201),
(3222, 'Bakol', 201),
(3223, 'Banadir', 201),
(3224, 'Bari', 201),
(3225, 'Bay', 201),
(3226, 'Galgudug', 201),
(3227, 'Gedo', 201),
(3228, 'Hiran', 201),
(3229, 'Jubbada Hose', 201),
(3230, 'Jubbadha Dexe', 201),
(3231, 'Mudug', 201),
(3232, 'Nugal', 201),
(3233, 'Sanag', 201),
(3234, 'Shabellaha Dhexe', 201),
(3235, 'Shabellaha Hose', 201),
(3236, 'Togdher', 201),
(3237, 'Woqoyi Galbed', 201),
(3238, 'Eastern Cape', 202),
(3239, 'Free State', 202),
(3240, 'Gauteng', 202),
(3241, 'Kempton Park', 202),
(3242, 'Kramerville', 202),
(3243, 'KwaZulu Natal', 202),
(3244, 'Limpopo', 202),
(3245, 'Mpumalanga', 202),
(3246, 'North West', 202),
(3247, 'Northern Cape', 202),
(3248, 'Parow', 202),
(3249, 'Table View', 202),
(3250, 'Umtentweni', 202),
(3251, 'Western Cape', 202),
(3252, 'South Georgia', 203),
(3253, 'Central Equatoria', 204),
(3254, 'A Coruna', 205),
(3255, 'Alacant', 205),
(3256, 'Alava', 205),
(3257, 'Albacete', 205),
(3258, 'Almeria', 205),
(3259, 'Andalucia', 205),
(3260, 'Asturias', 205),
(3261, 'Avila', 205),
(3262, 'Badajoz', 205),
(3263, 'Balears', 205),
(3264, 'Barcelona', 205),
(3265, 'Bertamirans', 205),
(3266, 'Biscay', 205),
(3267, 'Burgos', 205),
(3268, 'Caceres', 205),
(3269, 'Cadiz', 205),
(3270, 'Cantabria', 205),
(3271, 'Castello', 205),
(3272, 'Catalunya', 205),
(3273, 'Ceuta', 205),
(3274, 'Ciudad Real', 205),
(3275, 'Comunidad Autonoma de Canarias', 205),
(3276, 'Comunidad Autonoma de Cataluna', 205),
(3277, 'Comunidad Autonoma de Galicia', 205),
(3278, 'Comunidad Autonoma de las Isla', 205),
(3279, 'Comunidad Autonoma del Princip', 205),
(3280, 'Comunidad Valenciana', 205),
(3281, 'Cordoba', 205),
(3282, 'Cuenca', 205),
(3283, 'Gipuzkoa', 205),
(3284, 'Girona', 205),
(3285, 'Granada', 205),
(3286, 'Guadalajara', 205),
(3287, 'Guipuzcoa', 205),
(3288, 'Huelva', 205),
(3289, 'Huesca', 205),
(3290, 'Jaen', 205),
(3291, 'La Rioja', 205),
(3292, 'Las Palmas', 205),
(3293, 'Leon', 205),
(3294, 'Lerida', 205),
(3295, 'Lleida', 205),
(3296, 'Lugo', 205),
(3297, 'Madrid', 205),
(3298, 'Malaga', 205),
(3299, 'Melilla', 205),
(3300, 'Murcia', 205),
(3301, 'Navarra', 205),
(3302, 'Ourense', 205),
(3303, 'Pais Vasco', 205),
(3304, 'Palencia', 205),
(3305, 'Pontevedra', 205),
(3306, 'Salamanca', 205),
(3307, 'Santa Cruz de Tenerife', 205),
(3308, 'Segovia', 205),
(3309, 'Sevilla', 205),
(3310, 'Soria', 205),
(3311, 'Tarragona', 205),
(3312, 'Tenerife', 205),
(3313, 'Teruel', 205),
(3314, 'Toledo', 205),
(3315, 'Valencia', 205),
(3316, 'Valladolid', 205),
(3317, 'Vizcaya', 205),
(3318, 'Zamora', 205),
(3319, 'Zaragoza', 205),
(3320, 'Amparai', 206),
(3321, 'Anuradhapuraya', 206),
(3322, 'Badulla', 206),
(3323, 'Boralesgamuwa', 206),
(3324, 'Colombo', 206),
(3325, 'Galla', 206),
(3326, 'Gampaha', 206),
(3327, 'Hambantota', 206),
(3328, 'Kalatura', 206),
(3329, 'Kegalla', 206),
(3330, 'Kilinochchi', 206),
(3331, 'Kurunegala', 206),
(3332, 'Madakalpuwa', 206),
(3333, 'Maha Nuwara', 206),
(3334, 'Malwana', 206),
(3335, 'Mannarama', 206),
(3336, 'Matale', 206),
(3337, 'Matara', 206),
(3338, 'Monaragala', 206),
(3339, 'Mullaitivu', 206),
(3340, 'North Eastern Province', 206),
(3341, 'North Western Province', 206),
(3342, 'Nuwara Eliya', 206),
(3343, 'Polonnaruwa', 206),
(3344, 'Puttalama', 206),
(3345, 'Ratnapuraya', 206),
(3346, 'Southern Province', 206),
(3347, 'Tirikunamalaya', 206),
(3348, 'Tuscany', 206),
(3349, 'Vavuniyawa', 206),
(3350, 'Western Province', 206),
(3351, 'Yapanaya', 206),
(3352, 'kadawatha', 206),
(3353, 'A''ali-an-Nil', 207),
(3354, 'Bahr-al-Jabal', 207),
(3355, 'Central Equatoria', 207),
(3356, 'Gharb Bahr-al-Ghazal', 207),
(3357, 'Gharb Darfur', 207),
(3358, 'Gharb Kurdufan', 207),
(3359, 'Gharb-al-Istiwa''iyah', 207),
(3360, 'Janub Darfur', 207),
(3361, 'Janub Kurdufan', 207),
(3362, 'Junqali', 207),
(3363, 'Kassala', 207),
(3364, 'Nahr-an-Nil', 207),
(3365, 'Shamal Bahr-al-Ghazal', 207),
(3366, 'Shamal Darfur', 207),
(3367, 'Shamal Kurdufan', 207),
(3368, 'Sharq-al-Istiwa''iyah', 207),
(3369, 'Sinnar', 207),
(3370, 'Warab', 207),
(3371, 'Wilayat al Khartum', 207),
(3372, 'al-Bahr-al-Ahmar', 207),
(3373, 'al-Buhayrat', 207),
(3374, 'al-Jazirah', 207),
(3375, 'al-Khartum', 207),
(3376, 'al-Qadarif', 207),
(3377, 'al-Wahdah', 207),
(3378, 'an-Nil-al-Abyad', 207),
(3379, 'an-Nil-al-Azraq', 207),
(3380, 'ash-Shamaliyah', 207),
(3381, 'Brokopondo', 208),
(3382, 'Commewijne', 208),
(3383, 'Coronie', 208),
(3384, 'Marowijne', 208),
(3385, 'Nickerie', 208),
(3386, 'Para', 208),
(3387, 'Paramaribo', 208),
(3388, 'Saramacca', 208),
(3389, 'Wanica', 208),
(3390, 'Svalbard', 209),
(3391, 'Hhohho', 210),
(3392, 'Lubombo', 210),
(3393, 'Manzini', 210),
(3394, 'Shiselweni', 210),
(3395, 'Alvsborgs Lan', 211),
(3396, 'Angermanland', 211),
(3397, 'Blekinge', 211),
(3398, 'Bohuslan', 211),
(3399, 'Dalarna', 211),
(3400, 'Gavleborg', 211),
(3401, 'Gaza', 211),
(3402, 'Gotland', 211),
(3403, 'Halland', 211),
(3404, 'Jamtland', 211),
(3405, 'Jonkoping', 211),
(3406, 'Kalmar', 211),
(3407, 'Kristianstads', 211),
(3408, 'Kronoberg', 211),
(3409, 'Norrbotten', 211),
(3410, 'Orebro', 211),
(3411, 'Ostergotland', 211),
(3412, 'Saltsjo-Boo', 211),
(3413, 'Skane', 211),
(3414, 'Smaland', 211),
(3415, 'Sodermanland', 211),
(3416, 'Stockholm', 211),
(3417, 'Uppsala', 211),
(3418, 'Varmland', 211),
(3419, 'Vasterbotten', 211),
(3420, 'Vastergotland', 211),
(3421, 'Vasternorrland', 211),
(3422, 'Vastmanland', 211),
(3423, 'Vastra Gotaland', 211),
(3424, 'Aargau', 212),
(3425, 'Appenzell Inner-Rhoden', 212),
(3426, 'Appenzell-Ausser Rhoden', 212),
(3427, 'Basel-Landschaft', 212),
(3428, 'Basel-Stadt', 212),
(3429, 'Bern', 212),
(3430, 'Canton Ticino', 212),
(3431, 'Fribourg', 212),
(3432, 'Geneve', 212),
(3433, 'Glarus', 212),
(3434, 'Graubunden', 212),
(3435, 'Heerbrugg', 212),
(3436, 'Jura', 212),
(3437, 'Kanton Aargau', 212),
(3438, 'Luzern', 212),
(3439, 'Morbio Inferiore', 212),
(3440, 'Muhen', 212),
(3441, 'Neuchatel', 212),
(3442, 'Nidwalden', 212),
(3443, 'Obwalden', 212),
(3444, 'Sankt Gallen', 212),
(3445, 'Schaffhausen', 212),
(3446, 'Schwyz', 212),
(3447, 'Solothurn', 212),
(3448, 'Thurgau', 212),
(3449, 'Ticino', 212),
(3450, 'Uri', 212),
(3451, 'Valais', 212),
(3452, 'Vaud', 212),
(3453, 'Vauffelin', 212),
(3454, 'Zug', 212),
(3455, 'Zurich', 212),
(3456, 'Aleppo', 213),
(3457, 'Dar''a', 213),
(3458, 'Dayr-az-Zawr', 213),
(3459, 'Dimashq', 213),
(3460, 'Halab', 213),
(3461, 'Hamah', 213),
(3462, 'Hims', 213),
(3463, 'Idlib', 213),
(3464, 'Madinat Dimashq', 213),
(3465, 'Tartus', 213),
(3466, 'al-Hasakah', 213),
(3467, 'al-Ladhiqiyah', 213),
(3468, 'al-Qunaytirah', 213),
(3469, 'ar-Raqqah', 213),
(3470, 'as-Suwayda', 213),
(3471, 'Changhwa', 214),
(3472, 'Chiayi Hsien', 214),
(3473, 'Chiayi Shih', 214),
(3474, 'Eastern Taipei', 214),
(3475, 'Hsinchu Hsien', 214),
(3476, 'Hsinchu Shih', 214),
(3477, 'Hualien', 214),
(3478, 'Ilan', 214),
(3479, 'Kaohsiung Hsien', 214),
(3480, 'Kaohsiung Shih', 214),
(3481, 'Keelung Shih', 214),
(3482, 'Kinmen', 214),
(3483, 'Miaoli', 214),
(3484, 'Nantou', 214),
(3485, 'Northern Taiwan', 214),
(3486, 'Penghu', 214),
(3487, 'Pingtung', 214),
(3488, 'Taichung', 214),
(3489, 'Taichung Hsien', 214),
(3490, 'Taichung Shih', 214),
(3491, 'Tainan Hsien', 214),
(3492, 'Tainan Shih', 214),
(3493, 'Taipei Hsien', 214),
(3494, 'Taipei Shih / Taipei Hsien', 214),
(3495, 'Taitung', 214),
(3496, 'Taoyuan', 214),
(3497, 'Yilan', 214),
(3498, 'Yun-Lin Hsien', 214),
(3499, 'Yunlin', 214),
(3500, 'Dushanbe', 215),
(3501, 'Gorno-Badakhshan', 215),
(3502, 'Karotegin', 215),
(3503, 'Khatlon', 215),
(3504, 'Sughd', 215),
(3505, 'Arusha', 216),
(3506, 'Dar es Salaam', 216),
(3507, 'Dodoma', 216),
(3508, 'Iringa', 216),
(3509, 'Kagera', 216),
(3510, 'Kigoma', 216),
(3511, 'Kilimanjaro', 216),
(3512, 'Lindi', 216),
(3513, 'Mara', 216),
(3514, 'Mbeya', 216),
(3515, 'Morogoro', 216),
(3516, 'Mtwara', 216),
(3517, 'Mwanza', 216),
(3518, 'Pwani', 216),
(3519, 'Rukwa', 216),
(3520, 'Ruvuma', 216),
(3521, 'Shinyanga', 216),
(3522, 'Singida', 216),
(3523, 'Tabora', 216),
(3524, 'Tanga', 216),
(3525, 'Zanzibar and Pemba', 216),
(3526, 'Amnat Charoen', 217),
(3527, 'Ang Thong', 217),
(3528, 'Bangkok', 217),
(3529, 'Buri Ram', 217),
(3530, 'Chachoengsao', 217),
(3531, 'Chai Nat', 217),
(3532, 'Chaiyaphum', 217),
(3533, 'Changwat Chaiyaphum', 217),
(3534, 'Chanthaburi', 217),
(3535, 'Chiang Mai', 217),
(3536, 'Chiang Rai', 217),
(3537, 'Chon Buri', 217),
(3538, 'Chumphon', 217),
(3539, 'Kalasin', 217),
(3540, 'Kamphaeng Phet', 217),
(3541, 'Kanchanaburi', 217),
(3542, 'Khon Kaen', 217),
(3543, 'Krabi', 217),
(3544, 'Krung Thep', 217),
(3545, 'Lampang', 217),
(3546, 'Lamphun', 217),
(3547, 'Loei', 217),
(3548, 'Lop Buri', 217),
(3549, 'Mae Hong Son', 217),
(3550, 'Maha Sarakham', 217),
(3551, 'Mukdahan', 217),
(3552, 'Nakhon Nayok', 217),
(3553, 'Nakhon Pathom', 217),
(3554, 'Nakhon Phanom', 217),
(3555, 'Nakhon Ratchasima', 217),
(3556, 'Nakhon Sawan', 217),
(3557, 'Nakhon Si Thammarat', 217),
(3558, 'Nan', 217),
(3559, 'Narathiwat', 217),
(3560, 'Nong Bua Lam Phu', 217),
(3561, 'Nong Khai', 217),
(3562, 'Nonthaburi', 217),
(3563, 'Pathum Thani', 217),
(3564, 'Pattani', 217),
(3565, 'Phangnga', 217),
(3566, 'Phatthalung', 217),
(3567, 'Phayao', 217),
(3568, 'Phetchabun', 217),
(3569, 'Phetchaburi', 217),
(3570, 'Phichit', 217),
(3571, 'Phitsanulok', 217),
(3572, 'Phra Nakhon Si Ayutthaya', 217),
(3573, 'Phrae', 217),
(3574, 'Phuket', 217),
(3575, 'Prachin Buri', 217),
(3576, 'Prachuap Khiri Khan', 217),
(3577, 'Ranong', 217),
(3578, 'Ratchaburi', 217),
(3579, 'Rayong', 217),
(3580, 'Roi Et', 217),
(3581, 'Sa Kaeo', 217),
(3582, 'Sakon Nakhon', 217),
(3583, 'Samut Prakan', 217),
(3584, 'Samut Sakhon', 217),
(3585, 'Samut Songkhran', 217),
(3586, 'Saraburi', 217),
(3587, 'Satun', 217),
(3588, 'Si Sa Ket', 217),
(3589, 'Sing Buri', 217),
(3590, 'Songkhla', 217),
(3591, 'Sukhothai', 217),
(3592, 'Suphan Buri', 217),
(3593, 'Surat Thani', 217),
(3594, 'Surin', 217),
(3595, 'Tak', 217),
(3596, 'Trang', 217),
(3597, 'Trat', 217),
(3598, 'Ubon Ratchathani', 217),
(3599, 'Udon Thani', 217),
(3600, 'Uthai Thani', 217),
(3601, 'Uttaradit', 217),
(3602, 'Yala', 217),
(3603, 'Yasothon', 217),
(3604, 'Centre', 218),
(3605, 'Kara', 218),
(3606, 'Maritime', 218),
(3607, 'Plateaux', 218),
(3608, 'Savanes', 218),
(3609, 'Atafu', 219),
(3610, 'Fakaofo', 219),
(3611, 'Nukunonu', 219),
(3612, 'Eua', 220),
(3613, 'Ha''apai', 220),
(3614, 'Niuas', 220),
(3615, 'Tongatapu', 220),
(3616, 'Vava''u', 220),
(3617, 'Arima-Tunapuna-Piarco', 221),
(3618, 'Caroni', 221),
(3619, 'Chaguanas', 221),
(3620, 'Couva-Tabaquite-Talparo', 221),
(3621, 'Diego Martin', 221),
(3622, 'Glencoe', 221),
(3623, 'Penal Debe', 221),
(3624, 'Point Fortin', 221),
(3625, 'Port of Spain', 221),
(3626, 'Princes Town', 221),
(3627, 'Saint George', 221),
(3628, 'San Fernando', 221),
(3629, 'San Juan', 221),
(3630, 'Sangre Grande', 221),
(3631, 'Siparia', 221),
(3632, 'Tobago', 221),
(3633, 'Aryanah', 222),
(3634, 'Bajah', 222),
(3635, 'Bin ''Arus', 222),
(3636, 'Binzart', 222),
(3637, 'Gouvernorat de Ariana', 222),
(3638, 'Gouvernorat de Nabeul', 222),
(3639, 'Gouvernorat de Sousse', 222),
(3640, 'Hammamet Yasmine', 222),
(3641, 'Jundubah', 222),
(3642, 'Madaniyin', 222),
(3643, 'Manubah', 222),
(3644, 'Monastir', 222),
(3645, 'Nabul', 222),
(3646, 'Qabis', 222),
(3647, 'Qafsah', 222),
(3648, 'Qibili', 222),
(3649, 'Safaqis', 222),
(3650, 'Sfax', 222),
(3651, 'Sidi Bu Zayd', 222),
(3652, 'Silyanah', 222),
(3653, 'Susah', 222),
(3654, 'Tatawin', 222),
(3655, 'Tawzar', 222),
(3656, 'Tunis', 222),
(3657, 'Zaghwan', 222),
(3658, 'al-Kaf', 222),
(3659, 'al-Mahdiyah', 222),
(3660, 'al-Munastir', 222),
(3661, 'al-Qasrayn', 222),
(3662, 'al-Qayrawan', 222),
(3663, 'Adana', 223),
(3664, 'Adiyaman', 223),
(3665, 'Afyon', 223),
(3666, 'Agri', 223),
(3667, 'Aksaray', 223),
(3668, 'Amasya', 223),
(3669, 'Ankara', 223),
(3670, 'Antalya', 223),
(3671, 'Ardahan', 223),
(3672, 'Artvin', 223),
(3673, 'Aydin', 223),
(3674, 'Balikesir', 223),
(3675, 'Bartin', 223),
(3676, 'Batman', 223),
(3677, 'Bayburt', 223),
(3678, 'Bilecik', 223),
(3679, 'Bingol', 223),
(3680, 'Bitlis', 223),
(3681, 'Bolu', 223),
(3682, 'Burdur', 223),
(3683, 'Bursa', 223),
(3684, 'Canakkale', 223),
(3685, 'Cankiri', 223),
(3686, 'Corum', 223),
(3687, 'Denizli', 223),
(3688, 'Diyarbakir', 223),
(3689, 'Duzce', 223),
(3690, 'Edirne', 223),
(3691, 'Elazig', 223),
(3692, 'Erzincan', 223),
(3693, 'Erzurum', 223),
(3694, 'Eskisehir', 223),
(3695, 'Gaziantep', 223),
(3696, 'Giresun', 223),
(3697, 'Gumushane', 223),
(3698, 'Hakkari', 223),
(3699, 'Hatay', 223),
(3700, 'Icel', 223),
(3701, 'Igdir', 223),
(3702, 'Isparta', 223),
(3703, 'Istanbul', 223),
(3704, 'Izmir', 223),
(3705, 'Kahramanmaras', 223),
(3706, 'Karabuk', 223),
(3707, 'Karaman', 223),
(3708, 'Kars', 223),
(3709, 'Karsiyaka', 223),
(3710, 'Kastamonu', 223),
(3711, 'Kayseri', 223),
(3712, 'Kilis', 223),
(3713, 'Kirikkale', 223),
(3714, 'Kirklareli', 223),
(3715, 'Kirsehir', 223),
(3716, 'Kocaeli', 223),
(3717, 'Konya', 223),
(3718, 'Kutahya', 223),
(3719, 'Lefkosa', 223),
(3720, 'Malatya', 223),
(3721, 'Manisa', 223),
(3722, 'Mardin', 223),
(3723, 'Mugla', 223),
(3724, 'Mus', 223),
(3725, 'Nevsehir', 223),
(3726, 'Nigde', 223),
(3727, 'Ordu', 223),
(3728, 'Osmaniye', 223),
(3729, 'Rize', 223),
(3730, 'Sakarya', 223),
(3731, 'Samsun', 223),
(3732, 'Sanliurfa', 223),
(3733, 'Siirt', 223),
(3734, 'Sinop', 223),
(3735, 'Sirnak', 223),
(3736, 'Sivas', 223),
(3737, 'Tekirdag', 223),
(3738, 'Tokat', 223),
(3739, 'Trabzon', 223),
(3740, 'Tunceli', 223),
(3741, 'Usak', 223),
(3742, 'Van', 223),
(3743, 'Yalova', 223),
(3744, 'Yozgat', 223),
(3745, 'Zonguldak', 223),
(3746, 'Ahal', 224),
(3747, 'Asgabat', 224),
(3748, 'Balkan', 224),
(3749, 'Dasoguz', 224),
(3750, 'Lebap', 224),
(3751, 'Mari', 224),
(3752, 'Grand Turk', 225),
(3753, 'South Caicos and East Caicos', 225),
(3754, 'Funafuti', 226),
(3755, 'Nanumanga', 226),
(3756, 'Nanumea', 226),
(3757, 'Niutao', 226),
(3758, 'Nui', 226),
(3759, 'Nukufetau', 226),
(3760, 'Nukulaelae', 226),
(3761, 'Vaitupu', 226),
(3762, 'Central', 227),
(3763, 'Eastern', 227),
(3764, 'Northern', 227),
(3765, 'Western', 227),
(3766, 'Cherkas''ka', 228),
(3767, 'Chernihivs''ka', 228),
(3768, 'Chernivets''ka', 228),
(3769, 'Crimea', 228),
(3770, 'Dnipropetrovska', 228),
(3771, 'Donets''ka', 228),
(3772, 'Ivano-Frankivs''ka', 228),
(3773, 'Kharkiv', 228),
(3774, 'Kharkov', 228),
(3775, 'Khersonska', 228),
(3776, 'Khmel''nyts''ka', 228),
(3777, 'Kirovohrad', 228),
(3778, 'Krym', 228),
(3779, 'Kyyiv', 228),
(3780, 'Kyyivs''ka', 228),
(3781, 'L''vivs''ka', 228),
(3782, 'Luhans''ka', 228),
(3783, 'Mykolayivs''ka', 228),
(3784, 'Odes''ka', 228),
(3785, 'Odessa', 228),
(3786, 'Poltavs''ka', 228),
(3787, 'Rivnens''ka', 228),
(3788, 'Sevastopol''', 228),
(3789, 'Sums''ka', 228),
(3790, 'Ternopil''s''ka', 228),
(3791, 'Volyns''ka', 228),
(3792, 'Vynnyts''ka', 228),
(3793, 'Zakarpats''ka', 228),
(3794, 'Zaporizhia', 228),
(3795, 'Zhytomyrs''ka', 228),
(3796, 'Abu Zabi', 229),
(3797, 'Ajman', 229),
(3798, 'Dubai', 229),
(3799, 'Ras al-Khaymah', 229),
(3800, 'Sharjah', 229),
(3801, 'Sharjha', 229),
(3802, 'Umm al Qaywayn', 229),
(3803, 'al-Fujayrah', 229),
(3804, 'ash-Shariqah', 229),
(3805, 'Aberdeen', 230),
(3806, 'Aberdeenshire', 230),
(3807, 'Argyll', 230),
(3808, 'Armagh', 230),
(3809, 'Bedfordshire', 230),
(3810, 'Belfast', 230),
(3811, 'Berkshire', 230),
(3812, 'Birmingham', 230),
(3813, 'Brechin', 230),
(3814, 'Bridgnorth', 230),
(3815, 'Bristol', 230),
(3816, 'Buckinghamshire', 230),
(3817, 'Cambridge', 230),
(3818, 'Cambridgeshire', 230),
(3819, 'Channel Islands', 230),
(3820, 'Cheshire', 230),
(3821, 'Cleveland', 230),
(3822, 'Co Fermanagh', 230),
(3823, 'Conwy', 230),
(3824, 'Cornwall', 230),
(3825, 'Coventry', 230),
(3826, 'Craven Arms', 230),
(3827, 'Cumbria', 230),
(3828, 'Denbighshire', 230),
(3829, 'Derby', 230),
(3830, 'Derbyshire', 230),
(3831, 'Devon', 230),
(3832, 'Dial Code Dungannon', 230),
(3833, 'Didcot', 230),
(3834, 'Dorset', 230),
(3835, 'Dunbartonshire', 230),
(3836, 'Durham', 230),
(3837, 'East Dunbartonshire', 230),
(3838, 'East Lothian', 230),
(3839, 'East Midlands', 230),
(3840, 'East Sussex', 230),
(3841, 'East Yorkshire', 230),
(3842, 'England', 230),
(3843, 'Essex', 230),
(3844, 'Fermanagh', 230),
(3845, 'Fife', 230),
(3846, 'Flintshire', 230),
(3847, 'Fulham', 230),
(3848, 'Gainsborough', 230),
(3849, 'Glocestershire', 230),
(3850, 'Gwent', 230),
(3851, 'Hampshire', 230),
(3852, 'Hants', 230),
(3853, 'Herefordshire', 230),
(3854, 'Hertfordshire', 230),
(3855, 'Ireland', 230),
(3856, 'Isle Of Man', 230),
(3857, 'Isle of Wight', 230),
(3858, 'Kenford', 230),
(3859, 'Kent', 230),
(3860, 'Kilmarnock', 230),
(3861, 'Lanarkshire', 230),
(3862, 'Lancashire', 230),
(3863, 'Leicestershire', 230),
(3864, 'Lincolnshire', 230),
(3865, 'Llanymynech', 230),
(3866, 'London', 230),
(3867, 'Ludlow', 230),
(3868, 'Manchester', 230),
(3869, 'Mayfair', 230),
(3870, 'Merseyside', 230),
(3871, 'Mid Glamorgan', 230),
(3872, 'Middlesex', 230),
(3873, 'Mildenhall', 230),
(3874, 'Monmouthshire', 230),
(3875, 'Newton Stewart', 230),
(3876, 'Norfolk', 230),
(3877, 'North Humberside', 230),
(3878, 'North Yorkshire', 230),
(3879, 'Northamptonshire', 230),
(3880, 'Northants', 230),
(3881, 'Northern Ireland', 230),
(3882, 'Northumberland', 230),
(3883, 'Nottinghamshire', 230),
(3884, 'Oxford', 230),
(3885, 'Powys', 230),
(3886, 'Roos-shire', 230),
(3887, 'SUSSEX', 230),
(3888, 'Sark', 230),
(3889, 'Scotland', 230),
(3890, 'Scottish Borders', 230),
(3891, 'Shropshire', 230),
(3892, 'Somerset', 230),
(3893, 'South Glamorgan', 230),
(3894, 'South Wales', 230),
(3895, 'South Yorkshire', 230),
(3896, 'Southwell', 230),
(3897, 'Staffordshire', 230),
(3898, 'Strabane', 230),
(3899, 'Suffolk', 230),
(3900, 'Surrey', 230),
(3901, 'Sussex', 230),
(3902, 'Twickenham', 230),
(3903, 'Tyne and Wear', 230),
(3904, 'Tyrone', 230),
(3905, 'Utah', 230),
(3906, 'Wales', 230),
(3907, 'Warwickshire', 230),
(3908, 'West Lothian', 230),
(3909, 'West Midlands', 230),
(3910, 'West Sussex', 230),
(3911, 'West Yorkshire', 230),
(3912, 'Whissendine', 230),
(3913, 'Wiltshire', 230),
(3914, 'Wokingham', 230),
(3915, 'Worcestershire', 230),
(3916, 'Wrexham', 230),
(3917, 'Wurttemberg', 230),
(3918, 'Yorkshire', 230),
(3919, 'Alabama', 231),
(3920, 'Alaska', 231),
(3921, 'Arizona', 231),
(3922, 'Arkansas', 231),
(3923, 'Byram', 231),
(3924, 'California', 231),
(3925, 'Cokato', 231),
(3926, 'Colorado', 231),
(3927, 'Connecticut', 231),
(3928, 'Delaware', 231),
(3929, 'District of Columbia', 231),
(3930, 'Florida', 231),
(3931, 'Georgia', 231),
(3932, 'Hawaii', 231),
(3933, 'Idaho', 231),
(3934, 'Illinois', 231),
(3935, 'Indiana', 231),
(3936, 'Iowa', 231),
(3937, 'Kansas', 231),
(3938, 'Kentucky', 231),
(3939, 'Louisiana', 231),
(3940, 'Lowa', 231),
(3941, 'Maine', 231),
(3942, 'Maryland', 231),
(3943, 'Massachusetts', 231),
(3944, 'Medfield', 231),
(3945, 'Michigan', 231),
(3946, 'Minnesota', 231),
(3947, 'Mississippi', 231),
(3948, 'Missouri', 231),
(3949, 'Montana', 231),
(3950, 'Nebraska', 231),
(3951, 'Nevada', 231),
(3952, 'New Hampshire', 231),
(3953, 'New Jersey', 231),
(3954, 'New Jersy', 231),
(3955, 'New Mexico', 231),
(3956, 'New York', 231),
(3957, 'North Carolina', 231),
(3958, 'North Dakota', 231),
(3959, 'Ohio', 231),
(3960, 'Oklahoma', 231),
(3961, 'Ontario', 231),
(3962, 'Oregon', 231),
(3963, 'Pennsylvania', 231),
(3964, 'Ramey', 231),
(3965, 'Rhode Island', 231),
(3966, 'South Carolina', 231),
(3967, 'South Dakota', 231),
(3968, 'Sublimity', 231),
(3969, 'Tennessee', 231),
(3970, 'Texas', 231),
(3971, 'Trimble', 231),
(3972, 'Utah', 231),
(3973, 'Vermont', 231),
(3974, 'Virginia', 231),
(3975, 'Washington', 231),
(3976, 'West Virginia', 231),
(3977, 'Wisconsin', 231),
(3978, 'Wyoming', 231),
(3979, 'United States Minor Outlying I', 232),
(3980, 'Artigas', 233),
(3981, 'Canelones', 233),
(3982, 'Cerro Largo', 233),
(3983, 'Colonia', 233),
(3984, 'Durazno', 233),
(3985, 'FLorida', 233),
(3986, 'Flores', 233),
(3987, 'Lavalleja', 233),
(3988, 'Maldonado', 233),
(3989, 'Montevideo', 233),
(3990, 'Paysandu', 233),
(3991, 'Rio Negro', 233),
(3992, 'Rivera', 233),
(3993, 'Rocha', 233),
(3994, 'Salto', 233),
(3995, 'San Jose', 233),
(3996, 'Soriano', 233),
(3997, 'Tacuarembo', 233),
(3998, 'Treinta y Tres', 233),
(3999, 'Andijon', 234),
(4000, 'Buhoro', 234),
(4001, 'Buxoro Viloyati', 234),
(4002, 'Cizah', 234),
(4003, 'Fargona', 234),
(4004, 'Horazm', 234),
(4005, 'Kaskadar', 234),
(4006, 'Korakalpogiston', 234),
(4007, 'Namangan', 234),
(4008, 'Navoi', 234),
(4009, 'Samarkand', 234),
(4010, 'Sirdare', 234),
(4011, 'Surhondar', 234),
(4012, 'Toskent', 234),
(4013, 'Malampa', 235),
(4014, 'Penama', 235),
(4015, 'Sanma', 235),
(4016, 'Shefa', 235),
(4017, 'Tafea', 235),
(4018, 'Torba', 235),
(4019, 'Vatican City State (Holy See)', 236),
(4020, 'Amazonas', 237),
(4021, 'Anzoategui', 237),
(4022, 'Apure', 237),
(4023, 'Aragua', 237),
(4024, 'Barinas', 237),
(4025, 'Bolivar', 237),
(4026, 'Carabobo', 237),
(4027, 'Cojedes', 237),
(4028, 'Delta Amacuro', 237),
(4029, 'Distrito Federal', 237),
(4030, 'Falcon', 237),
(4031, 'Guarico', 237),
(4032, 'Lara', 237),
(4033, 'Merida', 237),
(4034, 'Miranda', 237),
(4035, 'Monagas', 237),
(4036, 'Nueva Esparta', 237),
(4037, 'Portuguesa', 237),
(4038, 'Sucre', 237),
(4039, 'Tachira', 237),
(4040, 'Trujillo', 237),
(4041, 'Vargas', 237),
(4042, 'Yaracuy', 237),
(4043, 'Zulia', 237),
(4044, 'Bac Giang', 238),
(4045, 'Binh Dinh', 238),
(4046, 'Binh Duong', 238),
(4047, 'Da Nang', 238),
(4048, 'Dong Bang Song Cuu Long', 238),
(4049, 'Dong Bang Song Hong', 238),
(4050, 'Dong Nai', 238),
(4051, 'Dong Nam Bo', 238),
(4052, 'Duyen Hai Mien Trung', 238),
(4053, 'Hanoi', 238),
(4054, 'Hung Yen', 238),
(4055, 'Khu Bon Cu', 238),
(4056, 'Long An', 238),
(4057, 'Mien Nui Va Trung Du', 238),
(4058, 'Thai Nguyen', 238),
(4059, 'Thanh Pho Ho Chi Minh', 238),
(4060, 'Thu Do Ha Noi', 238),
(4061, 'Tinh Can Tho', 238),
(4062, 'Tinh Da Nang', 238),
(4063, 'Tinh Gia Lai', 238),
(4064, 'Anegada', 239),
(4065, 'Jost van Dyke', 239),
(4066, 'Tortola', 239),
(4067, 'Saint Croix', 240),
(4068, 'Saint John', 240),
(4069, 'Saint Thomas', 240),
(4070, 'Alo', 241),
(4071, 'Singave', 241),
(4072, 'Wallis', 241),
(4073, 'Bu Jaydur', 242),
(4074, 'Wad-adh-Dhahab', 242),
(4075, 'al-''Ayun', 242),
(4076, 'as-Samarah', 242),
(4077, '''Adan', 243),
(4078, 'Abyan', 243),
(4079, 'Dhamar', 243),
(4080, 'Hadramaut', 243),
(4081, 'Hajjah', 243),
(4082, 'Hudaydah', 243),
(4083, 'Ibb', 243),
(4084, 'Lahij', 243),
(4085, 'Ma''rib', 243),
(4086, 'Madinat San''a', 243),
(4087, 'Sa''dah', 243),
(4088, 'Sana', 243),
(4089, 'Shabwah', 243),
(4090, 'Ta''izz', 243),
(4091, 'al-Bayda', 243),
(4092, 'al-Hudaydah', 243),
(4093, 'al-Jawf', 243),
(4094, 'al-Mahrah', 243),
(4095, 'al-Mahwit', 243),
(4096, 'Central Serbia', 244),
(4097, 'Kosovo and Metohija', 244),
(4098, 'Montenegro', 244),
(4099, 'Republic of Serbia', 244),
(4100, 'Serbia', 244),
(4101, 'Vojvodina', 244),
(4102, 'Central', 245),
(4103, 'Copperbelt', 245),
(4104, 'Eastern', 245),
(4105, 'Luapala', 245),
(4106, 'Lusaka', 245),
(4107, 'North-Western', 245),
(4108, 'Northern', 245),
(4109, 'Southern', 245),
(4110, 'Western', 245),
(4111, 'Bulawayo', 246),
(4112, 'Harare', 246),
(4113, 'Manicaland', 246),
(4114, 'Mashonaland Central', 246),
(4115, 'Mashonaland East', 246),
(4116, 'Mashonaland West', 246),
(4117, 'Masvingo', 246),
(4118, 'Matabeleland North', 246),
(4119, 'Matabeleland South', 246),
(4120, 'Midlands', 246);

-- --------------------------------------------------------

--
-- Table structure for table `stud_ans`
--

CREATE TABLE `stud_ans` (
  `id` int(11) NOT NULL,
  `memid` int(11) NOT NULL,
  `quizintro_id` int(11) NOT NULL,
  `subject_id` varchar(40) NOT NULL,
  `answers` text NOT NULL,
  `ids` text NOT NULL,
  `time_finished` int(11) NOT NULL,
  `scores` varchar(30) NOT NULL,
  `date_taken` varchar(20) NOT NULL
) ENGINE=InnoDB DEFAULT CHARSET=latin1;

--
-- Dumping data for table `stud_ans`
--

INSERT INTO `stud_ans` (`id`, `memid`, `quizintro_id`, `subject_id`, `answers`, `ids`, `time_finished`, `scores`, `date_taken`) VALUES
(1, 2, 7, '2', 'Burn||419ner||q||XXX||Baby&prime;s day out', '21,22,19,18,20', 1766, '60', '1575140615'),
(2, 2, 7, '2', 'Course||XL', '21,18', 0, '0', '1575158394'),
(3, 2, 7, '8,6', 'None||cvcvfgf', '23,24', 1769, '14', '1575161160'),
(4, 2, 7, '8,6', 'this is the girl?s bag||None', '24,23', 0, '0', '1575162817'),
(5, 2, 7, '8,6', 'cvcvfgf||N12', '24,23', 1793, '0', '1575162891');

-- --------------------------------------------------------

--
-- Table structure for table `stud_start_test`
--

CREATE TABLE `stud_start_test` (
  `id` int(11) NOT NULL,
  `memid` int(11) NOT NULL,
  `quiz_intro_id` int(11) NOT NULL,
  `subject_id` varchar(11) NOT NULL,
  `started_test` int(11) NOT NULL,
  `attempts` int(2) NOT NULL
) ENGINE=InnoDB DEFAULT CHARSET=latin1;

--
-- Dumping data for table `stud_start_test`
--

INSERT INTO `stud_start_test` (`id`, `memid`, `quiz_intro_id`, `subject_id`, `started_test`, `attempts`) VALUES
(1, 2, 7, '2', 1, 2),
(2, 2, 7, '1,8,2', 1, 2),
(3, 2, 7, '8,2,6', 1, 1),
(4, 2, 7, '8,6', 1, 2),
(5, 2, 1, '1', 1, 1);

-- --------------------------------------------------------

--
-- Table structure for table `subjects`
--

CREATE TABLE `subjects` (
  `id` int(11) NOT NULL,
  `subjs` varchar(100) NOT NULL
) ENGINE=InnoDB DEFAULT CHARSET=latin1;

--
-- Dumping data for table `subjects`
--

INSERT INTO `subjects` (`id`, `subjs`) VALUES
(1, 'English Language'),
(2, 'Mathematics'),
(3, 'Agricultural Sciences'),
(4, 'Economics'),
(5, 'Home Economics'),
(6, 'Biology'),
(7, 'Chemistry'),
(8, 'Physics'),
(9, 'Geography'),
(10, 'Civic Education'),
(11, 'Arabic'),
(12, 'Book Keeping'),
(13, 'Business Management'),
(14, 'Commerce'),
(15, 'Computer Studies'),
(16, 'Further Mathematics'),
(17, 'French'),
(18, 'Typewriting'),
(19, 'Social Studies'),
(20, 'General Studies'),
(21, 'Literature in English'),
(22, 'Government'),
(23, 'Nigeria Language(Igbo)'),
(24, 'Nigeria Language(Hausa)'),
(25, 'Nigeria Language(Yoruba)'),
(26, 'Visual Arts'),
(27, 'Technical Drawing'),
(28, 'History'),
(29, 'CRK/IRK'),
(30, 'Accounting');

-- --------------------------------------------------------

--
-- Table structure for table `test_boards`
--

CREATE TABLE `test_boards` (
  `id` int(11) NOT NULL,
  `test_types` varchar(30) NOT NULL,
  `views` int(11) NOT NULL
) ENGINE=InnoDB DEFAULT CHARSET=latin1;

--
-- Dumping data for table `test_boards`
--

INSERT INTO `test_boards` (`id`, `test_types`, `views`) VALUES
(1, 'Jamb Test', 883),
(2, 'WAEC Test', 3),
(3, 'NECO Test', 14),
(4, 'UNILAG Diploma', 1),
(5, 'Mock Test', 73),
(6, 'POST UTME Test', 547),
(7, 'Common Entrance', 2),
(8, 'ICAN', 1),
(9, 'N-Power', 0),
(10, 'OAU Pre-Degree', 0),
(11, 'Masters', 2),
(12, 'Aptitude Test', 0);

-- --------------------------------------------------------

--
-- Table structure for table `user_locations`
--

CREATE TABLE `user_locations` (
  `id` int(11) NOT NULL,
  `ipaddrs` varchar(40) NOT NULL,
  `statee` varchar(100) DEFAULT NULL,
  `citys` varchar(100) DEFAULT NULL
) ENGINE=InnoDB DEFAULT CHARSET=latin1;

--
-- Dumping data for table `user_locations`
--

INSERT INTO `user_locations` (`id`, `ipaddrs`, `statee`, `citys`) VALUES
(1, '41.190.31.43', 'Lagos', 'Ikoyi'),
(2, '::1', '', ''),
(3, '::1', NULL, NULL),
(4, '105.112.18.32', 'Lagos', 'Lagos'),
(5, '105.112.29.137', 'Lagos', 'Lagos'),
(6, '105.112.29.240', 'Lagos', 'Lagos'),
(7, '105.112.53.204', 'Lagos', 'Lagos'),
(8, '82.145.223.5', 'Western Cape', 'Cape Town'),
(9, '197.210.44.130', 'Lagos', 'Lagos'),
(10, '197.211.58.210', 'Ondo', 'Akure'),
(11, '197.210.29.136', 'Lagos', 'Lagos'),
(12, '105.112.50.206', 'Lagos', 'Lagos'),
(13, '197.210.44.76', 'Lagos', 'Lagos'),
(14, '197.210.28.253', 'Lagos', 'Lagos'),
(15, '105.112.72.144', 'Lagos', 'Lagos'),
(16, '197.210.28.31', 'Lagos', 'Lagos'),
(17, '197.210.47.81', 'Lagos', 'Lagos'),
(18, '197.210.45.204', 'Lagos', 'Lagos'),
(19, '41.203.73.81', 'Enugu', 'Enugu'),
(20, '105.112.46.255', 'Lagos', 'Lagos'),
(21, '197.210.47.41', 'Lagos', 'Lagos'),
(22, '129.205.113.170', 'Lagos', 'Lagos'),
(23, '41.190.3.194', 'Lagos', 'Lagos'),
(24, '197.210.45.173', 'Lagos', 'Lagos'),
(25, '82.145.223.6', 'Western Cape', 'Cape Town'),
(26, '197.210.44.52', 'Lagos', 'Lagos'),
(27, '105.112.23.41', 'Lagos', 'Lagos'),
(28, '197.210.47.32', 'Lagos', 'Lagos'),
(29, '197.210.57.7', 'Niger', 'Suleja'),
(30, '197.210.57.64', 'Niger', 'Suleja'),
(31, '197.210.57.7', 'Ogun', 'Abeokuta'),
(32, '105.112.72.249', 'Lagos', 'Lagos'),
(33, '197.210.58.15', 'Ogun', 'Abeokuta'),
(34, '197.210.57.132', 'Ogun', 'Abeokuta');

-- --------------------------------------------------------

--
-- Table structure for table `visitors`
--

CREATE TABLE `visitors` (
  `id` int(11) NOT NULL,
  `ipaddrs` varchar(30) NOT NULL
) ENGINE=InnoDB DEFAULT CHARSET=latin1;

--
-- Dumping data for table `visitors`
--

INSERT INTO `visitors` (`id`, `ipaddrs`) VALUES
(1, '::1'),
(2, '127.0.0.1');

--
-- Indexes for dumped tables
--

--
-- Indexes for table `admin_tbls`
--
ALTER TABLE `admin_tbls`
  ADD PRIMARY KEY (`id`);

--
-- Indexes for table `cart`
--
ALTER TABLE `cart`
  ADD PRIMARY KEY (`id`);

--
-- Indexes for table `centres`
--
ALTER TABLE `centres`
  ADD PRIMARY KEY (`id`);

--
-- Indexes for table `forums`
--
ALTER TABLE `forums`
  ADD PRIMARY KEY (`id`);

--
-- Indexes for table `forum_reply`
--
ALTER TABLE `forum_reply`
  ADD PRIMARY KEY (`id`);

--
-- Indexes for table `members`
--
ALTER TABLE `members`
  ADD PRIMARY KEY (`id`);

--
-- Indexes for table `quizes`
--
ALTER TABLE `quizes`
  ADD PRIMARY KEY (`id`);

--
-- Indexes for table `quizes2`
--
ALTER TABLE `quizes2`
  ADD PRIMARY KEY (`id`),
  ADD KEY `sessions1` (`op1`,`op2`,`op3`,`op4`,`ans1`);

--
-- Indexes for table `quizes2_delete`
--
ALTER TABLE `quizes2_delete`
  ADD PRIMARY KEY (`id`),
  ADD KEY `sessions1` (`op1`,`op2`,`op3`,`op4`,`ans1`);

--
-- Indexes for table `quizes_backup`
--
ALTER TABLE `quizes_backup`
  ADD PRIMARY KEY (`id`),
  ADD KEY `sessions1` (`quizintro_id`,`op1`,`op2`,`op3`,`op4`,`ans1`);

--
-- Indexes for table `quizes_intro`
--
ALTER TABLE `quizes_intro`
  ADD PRIMARY KEY (`id`),
  ADD KEY `sessions1` (`aprvd`,`set_time`);

--
-- Indexes for table `quizes_intro_backup`
--
ALTER TABLE `quizes_intro_backup`
  ADD PRIMARY KEY (`id`),
  ADD KEY `sessions1` (`test_board`,`subject_id`,`aprvd`,`set_time`);

--
-- Indexes for table `resources`
--
ALTER TABLE `resources`
  ADD PRIMARY KEY (`id`);

--
-- Indexes for table `schools`
--
ALTER TABLE `schools`
  ADD PRIMARY KEY (`id`);

--
-- Indexes for table `states`
--
ALTER TABLE `states`
  ADD PRIMARY KEY (`id`);

--
-- Indexes for table `stud_ans`
--
ALTER TABLE `stud_ans`
  ADD PRIMARY KEY (`id`),
  ADD KEY `memid` (`memid`,`quizintro_id`,`time_finished`,`scores`);

--
-- Indexes for table `stud_start_test`
--
ALTER TABLE `stud_start_test`
  ADD PRIMARY KEY (`id`),
  ADD KEY `memid` (`memid`,`quiz_intro_id`);

--
-- Indexes for table `subjects`
--
ALTER TABLE `subjects`
  ADD PRIMARY KEY (`id`);

--
-- Indexes for table `test_boards`
--
ALTER TABLE `test_boards`
  ADD PRIMARY KEY (`id`);

--
-- Indexes for table `user_locations`
--
ALTER TABLE `user_locations`
  ADD PRIMARY KEY (`id`);

--
-- Indexes for table `visitors`
--
ALTER TABLE `visitors`
  ADD PRIMARY KEY (`id`);

--
-- AUTO_INCREMENT for dumped tables
--

--
-- AUTO_INCREMENT for table `admin_tbls`
--
ALTER TABLE `admin_tbls`
  MODIFY `id` int(11) NOT NULL AUTO_INCREMENT, AUTO_INCREMENT=2;
--
-- AUTO_INCREMENT for table `cart`
--
ALTER TABLE `cart`
  MODIFY `id` int(11) NOT NULL AUTO_INCREMENT, AUTO_INCREMENT=14;
--
-- AUTO_INCREMENT for table `centres`
--
ALTER TABLE `centres`
  MODIFY `id` int(11) NOT NULL AUTO_INCREMENT, AUTO_INCREMENT=11;
--
-- AUTO_INCREMENT for table `forums`
--
ALTER TABLE `forums`
  MODIFY `id` int(11) NOT NULL AUTO_INCREMENT, AUTO_INCREMENT=39;
--
-- AUTO_INCREMENT for table `forum_reply`
--
ALTER TABLE `forum_reply`
  MODIFY `id` int(11) NOT NULL AUTO_INCREMENT, AUTO_INCREMENT=19;
--
-- AUTO_INCREMENT for table `members`
--
ALTER TABLE `members`
  MODIFY `id` int(11) NOT NULL AUTO_INCREMENT, AUTO_INCREMENT=20;
--
-- AUTO_INCREMENT for table `quizes`
--
ALTER TABLE `quizes`
  MODIFY `id` int(11) NOT NULL AUTO_INCREMENT, AUTO_INCREMENT=12;
--
-- AUTO_INCREMENT for table `quizes2`
--
ALTER TABLE `quizes2`
  MODIFY `id` int(11) NOT NULL AUTO_INCREMENT, AUTO_INCREMENT=25;
--
-- AUTO_INCREMENT for table `quizes2_delete`
--
ALTER TABLE `quizes2_delete`
  MODIFY `id` int(11) NOT NULL AUTO_INCREMENT, AUTO_INCREMENT=55;
--
-- AUTO_INCREMENT for table `quizes_backup`
--
ALTER TABLE `quizes_backup`
  MODIFY `id` int(11) NOT NULL AUTO_INCREMENT, AUTO_INCREMENT=55;
--
-- AUTO_INCREMENT for table `quizes_intro`
--
ALTER TABLE `quizes_intro`
  MODIFY `id` int(11) NOT NULL AUTO_INCREMENT, AUTO_INCREMENT=9;
--
-- AUTO_INCREMENT for table `quizes_intro_backup`
--
ALTER TABLE `quizes_intro_backup`
  MODIFY `id` int(11) NOT NULL AUTO_INCREMENT, AUTO_INCREMENT=56;
--
-- AUTO_INCREMENT for table `resources`
--
ALTER TABLE `resources`
  MODIFY `id` int(11) NOT NULL AUTO_INCREMENT, AUTO_INCREMENT=13;
--
-- AUTO_INCREMENT for table `schools`
--
ALTER TABLE `schools`
  MODIFY `id` int(11) NOT NULL AUTO_INCREMENT, AUTO_INCREMENT=3;
--
-- AUTO_INCREMENT for table `states`
--
ALTER TABLE `states`
  MODIFY `id` int(11) NOT NULL AUTO_INCREMENT, AUTO_INCREMENT=4121;
--
-- AUTO_INCREMENT for table `stud_ans`
--
ALTER TABLE `stud_ans`
  MODIFY `id` int(11) NOT NULL AUTO_INCREMENT, AUTO_INCREMENT=6;
--
-- AUTO_INCREMENT for table `stud_start_test`
--
ALTER TABLE `stud_start_test`
  MODIFY `id` int(11) NOT NULL AUTO_INCREMENT, AUTO_INCREMENT=6;
--
-- AUTO_INCREMENT for table `subjects`
--
ALTER TABLE `subjects`
  MODIFY `id` int(11) NOT NULL AUTO_INCREMENT, AUTO_INCREMENT=31;
--
-- AUTO_INCREMENT for table `test_boards`
--
ALTER TABLE `test_boards`
  MODIFY `id` int(11) NOT NULL AUTO_INCREMENT, AUTO_INCREMENT=13;
--
-- AUTO_INCREMENT for table `user_locations`
--
ALTER TABLE `user_locations`
  MODIFY `id` int(11) NOT NULL AUTO_INCREMENT, AUTO_INCREMENT=35;
--
-- AUTO_INCREMENT for table `visitors`
--
ALTER TABLE `visitors`
  MODIFY `id` int(11) NOT NULL AUTO_INCREMENT, AUTO_INCREMENT=3;
/*!40101 SET CHARACTER_SET_CLIENT=@OLD_CHARACTER_SET_CLIENT */;
/*!40101 SET CHARACTER_SET_RESULTS=@OLD_CHARACTER_SET_RESULTS */;
/*!40101 SET COLLATION_CONNECTION=@OLD_COLLATION_CONNECTION */;
